Key,Name,Hex
metadata.version,1.7.0,
metadata.last_updated,2026-05-30,
metadata.author,Fadhil Akbar Cariearsa,
metadata.license,MIT,
metadata.category,Color Palette,
metadata.description,A data set containing derived colors along with their official names and hexadecimal codes.,
color.grey,Abbey,#4C4F56
color.grey,Abbey Stone,#ABA7A6
color.blue,Absolute Zero,#0048BA
color.pink,Abstract Pink,#EFA5CD
color.yellow,Abundance,#F3D55A
color.green,Abyssal Blue,#000B18
color.green,Acacia Green,#A6B85E
color.orange,Academy Orange,#E68523
color.green,Acid Green,#B0BF1A
color.brown,Acorn,#6A5D4D
color.grey,Acoustic White,#EFEFEF
color.purple,Action Purple,#7A2E9F
color.red,Action Red,#D70000
color.blue,Active Aqua,#00EBEB
color.blue,Admiral Blue,#2C3863
color.blue,Admiralty,#385E88
color.blue,Adriatic,#165D7B
color.blue,Aegean Blue,#4E6E81
color.blue,Aero,#7CB9E8
color.blue,Aero Blue,#C0E8D5
color.blue,Aeromarine,#4E7C92
color.blue,Aerospace,#21578A
color.brown,Afghan Tan,#905E26
color.purple,African Violet,#B284BE
color.orange,Afterglow,#F4A86A
color.blue,Afternoon Blue,#5CA6D6
color.blue,Agate Blue,#6F8FAF
color.grey,Agate Grey,#B2B0A6
color.blue,Air Superiority Blue,#72A0C1
color.white,Alabaster,#EDEAE0
color.white,Alabaster Pearl,#F2F0E6
color.orange,Alamo,#D29D67
color.red,Alarm Red,#CC0000
color.white,Alaskan Ice,#DFEDEC
color.brown,Alder,#A47D5C
color.blue,Alice Blue,#F0F8FF
color.blue,Alien Blue,#1A237E
color.green,Alien Green,#6CC417
color.red,Alizarin,#DB2D43
color.red,Alizarin Crimson,#E32636
color.grey,Alloy,#909A97
color.orange,Alloy Orange,#C46210
color.green,Aloe,#8EAA70
color.brown,Almond,#EFDECD
color.pink,Almond Blossom,#F4B6C2
color.brown,Almond Frost,#907B71
color.green,Aloe Vera,#98F516
color.grey,Alpha Gray,#808489
color.yellow,Alpine Gold,#D9AD5A
color.green,Alpine Green,#005F56
color.blue,Alpine Sky,#A1C9DE
color.white,Alpine Snow,#E2EBED
color.red,Amaranth,#E52B50
color.purple,Amaranth Deep Purple,#9F2B68
color.pink,Amaranth Pink,#F19CBB
color.purple,Amaranth Purple,#AB274F
color.red,Amaranth Red,#D3212D
color.brown,Amaretto,#AB6F60
color.green,Amazon,#3B7A57
color.green,Amazon Green,#7B9A6D
color.blue,Amazonite,#00C4B0
color.yellow,Amber,#FFBF00
color.brown,Amber Brown,#A66646
color.yellow,Amber Glow,#FFBF00
color.yellow,Amber Gold,#C68E17
color.pink,Amber Rose,#FFB8B8
color.grey,American Ash,#B2B3AE
color.blue,American Blue,#3B3B6D
color.green,American Green,#34B334
color.orange,American Orange,#FF8B00
color.red,American Rose,#FF033E
color.yellow,American Yellow,#F2B400
color.purple,Amethyst,#9966CC
color.purple,Amethyst Ice,#A29EBD
color.purple,Amethyst Stone,#8F6C9E
color.purple,Amethyst Violet,#816687
color.grey,Anchor,#45474D
color.white,Angel Wing,#F3F2F1
color.red,Anger,#DD0000
color.blue,Antarctic Blue,#2B3F5C
color.grey,Anthracite,#303030
color.brown,Antique Bark,#A98D80
color.brown,Antique Brass,#CD9575
color.brown,Antique Bronze,#665D1E
color.brown,Antique Copper,#B5651D
color.purple,Antique Fuchsia,#915C83
color.yellow,Antique Gold,#B5A642
color.red,Antique Ruby,#841B2D
color.grey,Antique Silver,#918E8C
color.white,Antique White,#FAEBD7
color.orange,Aperol,#FF7A00
color.green,Apple,#4FA83D
color.pink,Apple Blossom,#AF4D43
color.green,Apple Green,#8DB600
color.green,Apple Orchard,#417438
color.red,Apple Red,#DB2626
color.blue,Appletini,#8CBED6
color.orange,Apricot,#FBCEB1
color.pink,Apricot Blush,#FEA088
color.orange,Apricot Glow,#FFB16D
color.orange,Apricot Peach,#FBCEB1
color.blue,Aqua,#00FFFF
color.blue,Aqua Blue,#00FFFF
color.blue,Aqua Deep,#014B43
color.green,Aqua Forest,#5FA777
color.blue,Aqua Haze,#EDF5F5
color.blue,Aqua Splash,#15C8D4
color.white,Aqua Spring,#EAF9F5
color.green,Aquamarine,#7FFFD4
color.blue,Aquamarine Blue,#71D9E2
color.blue,Aquatic,#D2E7ED
color.purple,Arabian Night,#2F1C45
color.blue,Arctic,#648589
color.blue,Arctic Blue,#D6E6F0
color.grey,Arctic Gray,#B6C6D6
color.green,Arctic Lime,#D0FF14
color.blue,Arctic Sea,#96C1CC
color.blue,Arctic Water,#00BBD4
color.grey,Armadillo,#434139
color.green,Army Green,#4B5320
color.grey,Arsenic,#3B444B
color.green,Artichoke,#8F9779
color.green,Artichoke Green,#4B6F44
color.yellow,Arylide Yellow,#E9D66B
color.grey,Ash,#A5A5A5
color.grey,Ash Blonde,#EAE6CA
color.brown,Ash Brown,#B2BEB5
color.grey,Ash Gray,#B2BEB5
color.grey,Asphalt,#0C0404
color.green,Asparagus,#87A96B
color.blue,Astral,#327DA0
color.purple,Astro Amethyst,#8C55BE
color.blue,Astro Azure,#0073E6
color.brown,Astro Bronze,#B9722D
color.brown,Astro Copper,#A6682E
color.red,Astro Crimson,#BD0F3B
color.blue,Astro Cyan,#00E6E6
color.green,Astro Emerald,#48B46C
color.red,Astro Garnet,#683130
color.yellow,Astro Gold,#E6C200
color.purple,Astro Indigo,#440075
color.green,Astro Jade,#009861
color.green,Astro Lime,#ACE600
color.purple,Astro Magenta,#E600E6
color.green,Astro Mint,#38A37C
color.blue,Astro Navy,#000075
color.green,Astro Olive,#737300
color.black,Astro Onyx,#303334
color.orange,Astro Peach,#E6CEA3
color.white,Astro Pearl,#D4C9B5
color.purple,Astro Plum,#803E78
color.red,Astro Ruby,#CA0F56
color.blue,Astro Sapphire,#0E4B9E
color.grey,Astro Silver,#ADADAD
color.blue,Astro Teal,#007373
color.yellow,Astro Topaz,#E6B570
color.purple,Astro Violet,#8100E6
color.grey,Athena,#E5E4E2
color.blue,Atlantic Blue,#283B64
color.blue,Atlantis,#97CD2D
color.pink,Atomic Pink,#FF99CC
color.orange,Atomic Tangerine,#FF9966
color.purple,Aubergine,#372528
color.brown,Auburn,#A52A2A
color.purple,Aura Amethyst,#A678D4
color.blue,Aura Azure,#1A8CFF
color.brown,Aura Bronze,#D68F42
color.brown,Aura Copper,#C28242
color.red,Aura Crimson,#DB2954
color.blue,Aura Cyan,#1AFFFF
color.green,Aura Emerald,#60D186
color.red,Aura Garnet,#804241
color.yellow,Aura Gold,#FFDE1A
color.purple,Aura Indigo,#5B0099
color.green,Aura Jade,#1AB57A
color.green,Aura Lime,#C5FF1A
color.purple,Aura Magenta,#FF1AFF
color.green,Aura Mint,#4EC298
color.blue,Aura Navy,#1A1A99
color.green,Aura Olive,#8C8C1A
color.black,Aura Onyx,#404445
color.orange,Aura Peach,#FFECBF
color.white,Aura Pearl,#F0E8D1
color.purple,Aura Plum,#9C5292
color.red,Aura Ruby,#E62970
color.blue,Aura Sapphire,#2264C7
color.grey,Aura Silver,#C9C9C9
color.blue,Aura Teal,#1A8C8C
color.yellow,Aura Topaz,#FFD28C
color.purple,Aura Violet,#9D1AFF
color.yellow,Aureolin,#FDEE00
color.brown,Autumn,#8F522A
color.orange,Autumn Blaze,#D65A31
color.brown,Autumn Leaf,#C15421
color.orange,Autumn Orange,#D66A1F
color.orange,Autumn Sun,#FDB913
color.blue,Aviation,#48799C
color.green,Avocado,#568203
color.red,Awesome,#FF2052
color.red,Azalea,#F9C0C4
color.yellow,Aztec Gold,#C39953
color.red,Aztec Red,#A23A34
color.blue,Azure,#F0FFFF
color.white,Azure Mist,#F0FFFF
color.blue,Azure Radiance,#007FFF
color.blue,Azure Sea,#226F82
color.blue,Baby Aqua,#9CF0E0
color.blue,Baby Blue,#89CFF0
color.blue,Baby Boy Blue,#83C5F7
color.pink,Baby Girl Pink,#FFC4E1
color.purple,Baby Orchid,#E2A6E8
color.pink,Baby Pink,#F4C2C2
color.white,Baby Powder,#FEFEFA
color.purple,Baby Purple,#CA9BF7
color.purple,Baby Violet,#CBBCDB
color.grey,Backdrop,#8E9296
color.blue,Bahama Blue,#026395
color.brown,Baked Clay,#985446
color.orange,Baked Peach,#DE9371
color.brown,Baked Potato,#B69E87
color.pink,Baker-Miller Pink,#FF91AF
color.blue,Bali Hai,#859FAF
color.pink,Ballet Pink,#F4C6CC
color.pink,Ballet Slipper,#F69ABF
color.brown,Balsa,#DFCBAC
color.blue,Baltic,#279D9F
color.green,Baltic Pine,#214940
color.grey,Baltic Sea,#2A2630
color.blue,Baltic Sea Blue,#2C4F6B
color.orange,Bamboo,#DA6304
color.green,Bamboo Green,#99A95C
color.green,Bamboo Sprout,#A5C270
color.yellow,Banana,#FFD12A
color.yellow,Banana Cream,#FFE135
color.green,Banana Leaf,#789048
color.yellow,Banana Mania,#FAE7B5
color.yellow,Banana Split,#FFEFB0
color.yellow,Banana Yellow,#FFE135
color.red,Bandana Red,#E83023
color.brown,Bandicoot,#858470
color.grey,Bankstone,#82847B
color.blue,Barbados Blue,#166391
color.red,Barberry,#D11A34
color.blue,Barium Blue,#00B0DD
color.brown,Bark,#5F4032
color.brown,Bark Brown,#5E4D43
color.brown,Barley,#DBBA8F
color.red,Barn Red,#7C0A02
color.purple,Baroque Purple,#6C456E
color.red,Barossa,#44012D
color.grey,Basalt,#585858
color.grey,Basalt Gray,#6E7275
color.grey,Base Gray,#7C7C7C
color.white,Baseball,#F8F9FA
color.green,Basil,#879F84
color.green,Basil Green,#596B55
color.brown,Basket,#C8AD7F
color.brown,Basket Weave,#C3A679
color.white,Basmati,#F5F2EA
color.red,Basque Red,#822F3D
color.black,Bat,#1E1E20
color.grey,Baton Rouge,#664359
color.grey,Battleship Grey,#848482
color.blue,Bavarian Blue,#00559E
color.green,Bay Leaf,#7E9571
color.blue,Bay of Many,#273A81
color.blue,Bayside,#397B9C
color.brown,Bazaar,#98777B
color.red,Beach Coral,#EB8474
color.brown,Beach Dune,#C6B599
color.green,Beach Glass,#96DFCE
color.green,Beach Grass,#A1B88B
color.white,Beach Sand,#F3E5AB
color.grey,Beach Stone,#A9A8A5
color.brown,Bear,#544238
color.brown,Bear Brown,#4E3B31
color.grey,Bear Hug,#6C5749
color.blue,Beau Blue,#BCD4E6
color.pink,Beauty Bush,#E1B8C1
color.brown,Beaver,#9F8170
color.yellow,Beeswax,#FEF2C7
color.green,Beetle Green,#4C5A4F
color.red,Beetroot,#8D4058
color.pink,Begonia,#FA6E79
color.brown,Beige,#F5F5DC
color.grey,Belgian Block,#91969A
color.green,Bermuda,#7DD8C6
color.blue,Bermuda Blue,#7DD8C6
color.blue,Berry Blue,#0F4C81
color.red,Berry Red,#A62F41
color.purple,Berry Velvet,#6D2B50
color.blue,Beryl Blue,#6CBBC9
color.green,Beryl Green,#8A9A5B
color.red,Big Dip O'Ruby,#9C2542
color.green,Billiard Table,#036A3E
color.brown,Birch,#DFD1BB
color.white,Birch White,#F3E5D8
color.brown,Biscotti,#E3C5A0
color.white,Biscotti White,#F4EBE0
color.white,Biscuit,#FEEDCA
color.blue,Bismark,#497183
color.brown,Bison Brown,#6E4B26
color.brown,Bisque,#FFE4C4
color.brown,Bistre,#3D2B1F
color.brown,Bistre Brown,#967117
color.orange,Bite,#E86700
color.brown,Bitter,#868974
color.brown,Bitter Chocolate,#362819
color.yellow,Bitter Lemon,#CAE00D
color.green,Bitter Lime,#BFFF00
color.orange,Bitter Orange,#D95C14
color.orange,Bittersweet,#FE6F5E
color.red,Bittersweet Shimmer,#BF4F51
color.brown,Bizarre,#EEDEDA
color.grey,Bizarre Gray,#C6C5C0
color.black,Black,#000000
color.black,Black Bean,#3D0C02
color.black,Black Cat,#413839
color.grey,Black Coral,#54626F
color.black,Black Cow,#4C4646
color.black,Black Diamond,#292A2C
color.black,Black Eel,#463E3F
color.green,Black Forest,#0B1304
color.grey,Black Ice,#39393C
color.black,Black Leather Jacket,#253529
color.black,Black Magic,#0D0F12
color.black,Black Marlin,#3E2C1C
color.black,Black Olive,#3B3C36
color.purple,Black Orchid,#291834
color.black,Black Panther,#141414
color.black,Black Pearl,#041322
color.grey,Black Pearl Gray,#484D52
color.red,Black Rose,#481427
color.black,Black Russian,#0A001C
color.purple,Blackberry,#4D0135
color.purple,Blackberry Purple,#36173D
color.purple,Blackcurrant,#32293A
color.black,Blackout,#111111
color.grey,Blade,#868885
color.white,Blanc,#FFFFFF
color.white,Blanc de Blanc,#F8F9F8
color.brown,Blanched Almond,#FFEBCD
color.brown,Blast-Off Bronze,#A57164
color.orange,Blaze,#FF6A00
color.orange,Blaze Orange,#FF6600
color.white,Bleach White,#FEF3D8
color.white,Bleached Bone,#E8D3C4
color.purple,Bleached Cedar,#2C2133
color.brown,Bleached Sand,#DACCBC
color.blue,Bleu de France,#318CE7
color.grey,Blimp,#A0A19D
color.blue,Blizzard Blue,#ACE5EE
color.yellow,Blond,#FAF0BE
color.yellow,Blonde Ambition,#E7D284
color.red,Blood,#710C04
color.orange,Blood Orange,#D1001C
color.red,Blood Red,#660000
color.pink,Blossom,#DCB4BC
color.pink,Blossom Pink,#FFB5BA
color.blue,Blue,#0000FF
color.blue,Blue Ashes,#8B9698
color.blue,Blue Bay,#06659C
color.blue,Blue Bell,#A2A2D0
color.blue,Blue Blossom,#C3DEEF
color.purple,Blue Chalk,#F1E9FF
color.black,Blue Charcoal,#010D1A
color.blue,Blue Chill,#0C8990
color.blue,Blue Depths,#263056
color.blue,Blue Diamond,#380474
color.green,Blue Dianne,#204852
color.blue,Blue Fog,#8FA3B8
color.purple,Blue Gem,#2C0E8C
color.blue,Blue Glass,#9BCEDF
color.blue,Blue Gray,#6699CC
color.green,Blue Green,#0D98BA
color.blue,Blue Haze,#BFBED8
color.blue,Blue Horizon,#4E7599
color.blue,Blue Ice,#82CAFF
color.blue,Blue Iris,#5A5B9F
color.blue,Blue Ivy,#3080A5
color.blue,Blue Lagoon,#017987
color.blue,Blue Lake,#1B6BA6
color.purple,Blue Marguerite,#7666C6
color.blue,Blue Night,#18263A
color.blue,Blue Oasis,#3A95A8
color.blue,Blue Orchid,#6C80C2
color.blue,Blue Ribbon,#0066FF
color.blue,Blue River,#4886BA
color.green,Blue Romance,#D2F6DE
color.blue,Blue Sapphire,#126180
color.blue,Blue Slate,#5C7588
color.blue,Blue Smoke,#748881
color.blue,Blue Steel,#34546B
color.blue,Blue Stone,#27666A
color.blue,Blue Velvet,#0D2948
color.purple,Blue Violet,#8A2BE2
color.blue,Blue Water,#1F96BC
color.blue,Blue Whale,#042E4C
color.blue,Blue Willow,#3F789A
color.blue,Blue Yonder,#5072A7
color.blue,Blue Zodiac,#13264D
color.blue,Blueberry,#4F86F7
color.blue,Blueberry Blue,#24385E
color.blue,Bluebird,#4492D6
color.blue,Bluebonnet,#1C1CF0
color.pink,Blush,#DE5D83
color.pink,Blush Beige,#E7C6B7
color.pink,Blush Pink,#FF6FFF
color.red,Blush Red,#E56E94
color.pink,Blush Rose,#E8B3C3
color.brown,Boardwalk,#D2B48C
color.brown,Bole,#79443B
color.grey,Bombay,#AFB1B8
color.white,Bone,#E3DAC9
color.white,Bone Ash,#E1DFCD
color.white,Bone White,#D9D6CE
color.brown,Bongo,#5C5448
color.blue,Bonnie Blue,#007CBE
color.green,Booger,#9BB53C
color.red,Bordeaux,#5C0120
color.red,Bordeaux Red,#4E141E
color.purple,Bossanova,#4E2A5A
color.blue,Boston Blue,#3B91B4
color.green,Botanic,#2E6038
color.green,Bottle Green,#006A4E
color.grey,Boulder,#7A7A7B
color.purple,Bouquet,#AE809E
color.brown,Bourbon,#BA6F1E
color.pink,Boutique,#E4A4B4
color.purple,Boysenberry,#873260
color.pink,Boysenberry Pink,#B6375E
color.brown,Bracken,#4A2A18
color.brown,Bramble Brown,#704533
color.brown,Bran,#A17851
color.brown,Brandy,#DEB887
color.orange,Brandy Peach,#E8AA93
color.orange,Brandy Punch,#CD8429
color.yellow,Brass,#B5A642
color.green,Brassica,#7A8367
color.red,Brazilian Red,#AB0D2E
color.brown,Bread,#DCC097
color.green,Breaker Bay,#5DA19F
color.blue,Breezy Blue,#A6D5E9
color.orange,Bric-A-Brac,#8F4B0E
color.red,Brick,#A03623
color.red,Brick Dust,#A85955
color.red,Brick Red,#CB4154
color.white,Bridal Heath,#FFFAF0
color.blue,Bright Aqua,#00D8E6
color.yellow,Bright Butter,#FFEA70
color.blue,Bright Cerulean,#1DACD6
color.blue,Bright Cyan,#41FFFF
color.yellow,Bright Gold,#FDD017
color.green,Bright Green,#66FF00
color.purple,Bright Lavender,#BF94E4
color.purple,Bright Magenta,#FF00FF
color.red,Bright Maroon,#C32148
color.blue,Bright Navy Blue,#1974D2
color.red,Bright Red,#B10000
color.yellow,Bright Sun,#FED33C
color.blue,Bright Turquoise,#08E8DE
color.purple,Bright Ube,#D19FE8
color.blue,Brilliant Azure,#3399FF
color.pink,Brilliant Lavender,#F4BBFF
color.pink,Brilliant Rose,#FF55A3
color.yellow,Brimstone,#DECB21
color.pink,Brink Pink,#FB607F
color.blue,Brisbane Blue,#005D9A
color.green,British Racing Green,#004225
color.red,British Rose,#BA3155
color.green,Broccoli,#54693F
color.brown,Bronco,#ABA196
color.brown,Bronze,#CD7F32
color.yellow,Bronze Olive,#4E420C
color.brown,Bronze Sand,#BA8454
color.yellow,Bronze Yellow,#737000
color.brown,Brown,#A52A2A
color.brown,Brown Bear,#5B3B24
color.brown,Brown Bramble,#592804
color.brown,Brown Derby,#492615
color.brown,Brown Pod,#401801
color.brown,Brown Rust,#AF593E
color.brown,Brown Sugar,#AF6E4D
color.brown,Brown Tumbleweed,#37290E
color.pink,Bubble Gum,#FFC1CC
color.grey,Bubble Lead,#A0ADC2
color.pink,Bubblegum Pink,#FE5E9D
color.blue,Bubbles,#E7FEFF
color.red,Buccaneer,#622F30
color.green,Bud Green,#7BB661
color.yellow,Buddha Gold,#C1A004
color.brown,Buffalo,#8A7356
color.red,Bulgarian Rose,#480607
color.brown,Bull Shot,#864D1E
color.grey,Bullet,#6F6D69
color.blue,Bunting,#151F4C
color.purple,Burgundian,#572F3A
color.red,Burgundy,#800020
color.brown,Burlywood,#DEB887
color.yellow,Burmese Gold,#E5A01D
color.green,Burnham,#002E20
color.orange,Burning Orange,#FF7034
color.brown,Burnished Brown,#A17A74
color.orange,Burnt Coral,#E9897E
color.red,Burnt Crimson,#5B1B04
color.red,Burnt Maroon,#420303
color.orange,Burnt Orange,#CC5500
color.red,Burnt Red,#9F2305
color.brown,Burnt Sienna,#E97451
color.brown,Burnt Umber,#8A3324
color.green,Bush,#0D2E1C
color.green,Bushland,#4A5D4E
color.yellow,Butter,#FFFF81
color.brown,Butter Toast,#CF9C63
color.yellow,Butter Yellow,#F5D77B
color.white,Buttercream,#F5ECD5
color.yellow,Buttercup,#F3AD16
color.brown,Buttered Rum,#C19A6B
color.blue,Butterfly Blue,#38B0DE
color.purple,Butterfly Bush,#624E9A
color.yellow,Buttermilk,#FFF1B5
color.orange,Butternut,#E19948
color.purple,Byzantium,#702963
color.red,Cab Sav,#4D0A18
color.pink,Cabaret,#D94972
color.green,Cabbage,#87D095
color.green,Cabbage Pont,#3F4C3A
color.purple,Cabernet,#561A28
color.brown,Cacao,#452C21
color.brown,Cacao Bean,#31231E
color.green,Cactus,#587156
color.green,Cactus Green,#5F835A
color.green,Cactus Spine,#B7CD96
color.green,Cactus Sprout,#93BB81
color.blue,Cadet,#536878
color.blue,Cadet Blue,#5F9EA0
color.grey,Cadet Grey,#91A3B0
color.pink,Cadillac,#B04C6A
color.green,Cadmium Green,#006B3C
color.orange,Cadmium Orange,#ED872D
color.red,Cadmium Red,#E30022
color.yellow,Cadmium Yellow,#FFF600
color.brown,Cafe Au Lait,#A67B5B
color.brown,Cafe Creme,#C19672
color.brown,Cafe Mocha,#6A4C3A
color.brown,Cafe Noir,#4B3621
color.brown,Cafe Royale,#6F440C
color.green,Cal Poly Green,#1E4D2B
color.blue,Calamine Blue,#92C6D5
color.orange,Caldera,#DF6A3D
color.brown,Calico,#E0C095
color.yellow,California Gold,#A98F64
color.orange,Californian,#FF9838
color.blue,Callisto,#2E394B
color.blue,Calm Ocean,#4B9CB3
color.blue,Calm Water,#8CBED1
color.blue,Cambridge Blue,#A3C1AD
color.brown,Camel,#C19A6B
color.brown,Camel Brown,#C19A6B
color.purple,Camelot,#893456
color.pink,Cameo,#D9B99B
color.pink,Cameo Pink,#EFBBCC
color.green,Camouflage,#3C3910
color.green,Camouflage Gray,#6D716A
color.green,Camouflage Green,#78866B
color.blue,Campanula,#D5D6FE
color.grey,Campanula Gray,#8D96A8
color.orange,Campfire,#CE5C00
color.orange,Campfire Orange,#DE6B35
color.blue,Canal Blue,#1B9BCB
color.yellow,Canary,#FFFF99
color.green,Canary Green,#D1DF31
color.yellow,Canary Yellow,#FFEF00
color.white,Candle Wax,#F7F5E9
color.yellow,Candlelight,#FCD917
color.red,Candy Apple Red,#FF0800
color.pink,Candy Floss,#F4A4C8
color.pink,Candy Pink,#E4717A
color.pink,Candy Rose,#E86D8C
color.yellow,Candycorn,#FCEC04
color.pink,Cannon Pink,#E29CD2
color.orange,Cantaloupe,#FDA172
color.orange,Cantaloupe Melon,#FFB47F
color.white,Canvas,#D3CBB8
color.grey,Canyon Ash,#A59990
color.brown,Canyon Clay,#B06A58
color.orange,Canyon Orange,#C96A3B
color.grey,Cape Cod,#3A4148
color.yellow,Cape Honey,#FEE5AC
color.grey,Cape Lead,#858C8F
color.brown,Cape Palliser,#A26645
color.green,Caper,#DCEDB4
color.green,Caper Green,#C5E296
color.blue,Capri,#00BFFF
color.blue,Captain Blue,#204A7A
color.orange,Caramel,#FFD59A
color.brown,Caramel Brown,#9B6A3B
color.brown,Caramel Toast,#A46C38
color.white,Cararra,#EEEEE8
color.black,Carbon,#333333
color.black,Carbon Black,#111111
color.grey,Carbon Gray,#625D5D
color.green,Carbon Green,#364A3D
color.brown,Cardboard,#BFA58C
color.green,Cardin Green,#01361C
color.red,Cardinal,#C41E3A
color.pink,Cardinal Pink,#8C055E
color.red,Cardinal Red,#BD2031
color.blue,Caribbean Blue,#1AC9E6
color.green,Caribbean Green,#00CC99
color.blue,Caribbean Sea,#22909C
color.pink,Carissma,#EA88A8
color.green,Carla,#F3FFD8
color.red,Carmine,#960018
color.red,Carmine Jewel,#9B1832
color.red,Carmine Rose,#EB4C42
color.brown,Carnaby Tan,#5C2E01
color.pink,Carnation,#F95A61
color.red,Carnation Blush,#E67A88
color.pink,Carnation Pink,#FFA6C9
color.red,Carnation Red,#ED4C55
color.red,Carnelian,#B31B1B
color.brown,Carob,#4B3322
color.blue,Carolina Blue,#4B9CD3
color.pink,Carousel Pink,#F9E0ED
color.orange,Carrot Orange,#ED9121
color.yellow,Casablanca,#F8B853
color.yellow,Cascade Gold,#DDA44D
color.blue,Casal,#2F6168
color.green,Cascade,#8BA9A5
color.brown,Cashmere,#E6BEA5
color.grey,Cashmere Grey,#A19C93
color.blue,Casper,#ADBED1
color.purple,Castile,#52001F
color.grey,Castle,#A8A8A8
color.grey,Castle Wall,#ADAA9A
color.blue,Catalina Blue,#062A78
color.white,Catskill White,#EEF6F7
color.brown,Cattail,#714631
color.brown,Cattail Brown,#5C4435
color.pink,Cavern Pink,#E3BEBE
color.black,Caviar,#292A2D
color.brown,Cedar,#3E1C14
color.brown,Cedar Bark,#7A4B3A
color.green,Cedar Green,#4A6348
color.green,Cedar Pine,#15603F
color.brown,Cedar Wood Finish,#711A00
color.blue,Ceil,#92A1CF
color.green,Celadon,#ACE1AF
color.blue,Celadon Blue,#007A99
color.blue,Celeste,#B2FFFF
color.green,Celery,#B8C25D
color.green,Celery Green,#B4C081
color.green,Celery Sprout,#B5C984
color.blue,Celestial Blue,#4997D0
color.blue,Celestial Night,#1D3A5D
color.green,Celtic,#163222
color.grey,Cement,#8D7662
color.grey,Cement Grey,#9EA09E
color.grey,Cement Wall,#929699
color.grey,Cement Wall Gray,#8A8D8F
color.white,Ceramic,#FCFFF9
color.white,Ceramic White,#F7F7F7
color.pink,Cerise,#DE3163
color.purple,Cerise Purple,#B42D6E
color.blue,Cerulean,#007BA7
color.blue,Cerulean Blue,#2A52BE
color.orange,Ceylon,#D2691E
color.white,Chablis,#FFF4F3
color.green,Chalet Green,#516E3D
color.white,Chalk,#F0F0F0
color.white,Chalk Dust,#F7F5EF
color.purple,Chalk Purple,#A692B5
color.yellow,Chalky,#EED794
color.blue,Chambray,#354E8C
color.brown,Chamomile,#DCD5A7
color.brown,Chamois,#A0785A
color.yellow,Champagne,#F7E7CE
color.yellow,Champagne Gold,#D7B782
color.white,Champagne Ice,#E2D9D1
color.pink,Chantilly,#F8C3DF
color.grey,Charade,#292937
color.grey,Charcoal,#36454F
color.blue,Charcoal Blue,#30404D
color.grey,Charcoal Grey,#454545
color.white,Chardon,#FFF1F5
color.yellow,Chardonnay,#FFCD8C
color.purple,Charoite,#695587
color.blue,Charlotte,#BAEEF9
color.pink,Charm,#E68FAC
color.green,Chartreuse,#7FFF00
color.green,Chartreuse Green,#80FF00
color.yellow,Chartreuse Yellow,#DFFF00
color.green,Chateau Green,#40A860
color.red,Cherry,#DA2647
color.pink,Cherry Bloom,#F1A4B8
color.pink,Cherry Blossom Pink,#FFB7C5
color.pink,Cherry Blossom Blush,#EDA8B9
color.pink,Cherry Pink,#F15F83
color.red,Cherry Red,#F2013F
color.red,Cherrywood,#651A14
color.pink,Cherub,#F8D9E9
color.brown,Chestnut,#954535
color.brown,Chestnut Brown,#5D3A29
color.red,Chestnut Red,#C34A2C
color.red,Chestnut Rose,#CD5C5C
color.brown,Chestnut Shell,#6E482F
color.blue,Chetwode Blue,#8581D9
color.grey,Chicago,#5D5C58
color.yellow,Chiffon,#F1FFC8
color.orange,Chilean Fire,#F77703
color.red,Chili Pepper,#C11B17
color.red,Chilli Red,#C22026
color.grey,Chinchilla,#9D948F
color.white,China Ivory,#FCFFE7
color.blue,Chinese Blue,#365194
color.red,Chinese Crimson,#981427
color.red,Chinese Red,#AB381F
color.purple,Chinese Violet,#856088
color.brown,Chino,#CEC7A7
color.green,Chinook,#A8E3BD
color.green,Chlorophyll Green,#4AFF00
color.brown,Choc,#D05F04
color.brown,Chocolate,#D2691E
color.brown,Chocolate Brown,#3F000F
color.brown,Chocolate Milk,#8B6651
color.purple,Christalle,#33036B
color.green,Christi,#67A712
color.purple,Chroma Amethyst,#A36BEB
color.blue,Chroma Azure,#0084FF
color.brown,Chroma Bronze,#DB8735
color.brown,Chroma Copper,#C77C38
color.red,Chroma Crimson,#E61247
color.blue,Chroma Cyan,#00FFFF
color.green,Chroma Emerald,#55DB82
color.red,Chroma Garnet,#7D3B3A
color.yellow,Chroma Gold,#FFDF00
color.purple,Chroma Indigo,#52008F
color.green,Chroma Jade,#00B875
color.green,Chroma Lime,#C7FF00
color.purple,Chroma Magenta,#FF00FF
color.green,Chroma Mint,#42C796
color.blue,Chroma Navy,#00008F
color.green,Chroma Olive,#8F8F00
color.black,Chroma Onyx,#393C3D
color.orange,Chroma Peach,#FFECC2
color.white,Chroma Pearl,#F2E7CD
color.purple,Chroma Plum,#9C4B92
color.red,Chroma Ruby,#F01366
color.blue,Chroma Sapphire,#1059C9
color.grey,Chroma Silver,#CCCCCC
color.blue,Chroma Teal,#008F8F
color.yellow,Chroma Topaz,#FFD085
color.purple,Chroma Violet,#9800FF
color.grey,Chrome,#C6C8C9
color.white,Chrome White,#E8F1D4
color.yellow,Chrome Yellow,#FFA700
color.grey,Cinder,#0E0E18
color.pink,Cinderella,#FDE1DC
color.brown,Cinereous,#98817B
color.red,Cinnabar,#E34234
color.red,Cinnabar Red,#E34234
color.brown,Cinnamon,#D2691E
color.pink,Cinnamon Rose,#A97782
color.yellow,Citrine,#E4D00A
color.white,Citrine White,#FAF7D6
color.yellow,Citron,#9FA91F
color.yellow,Citrus,#A1C724
color.grey,City Sky,#B1B4B6
color.green,Clair De Lune,#E1EAE1
color.pink,Clam Shell,#D4B6AF
color.red,Claret,#7F1734
color.blue,Classic Indigo,#35467A
color.pink,Classic Rose,#FBCCE7
color.blue,Classic Sky,#7AAFE0
color.brown,Clay,#9A775C
color.green,Clay Ash,#BDC8B3
color.brown,Clay Brick,#B26653
color.brown,Clay Creek,#8A8360
color.blue,Clear Day,#E9FFFD
color.blue,Clear Water,#B4E8E4
color.orange,Clementine,#E96E00
color.brown,Clinker,#371D09
color.grey,Cloud,#C7C4BF
color.blue,Cloud Burst,#202E54
color.grey,Cloud Gray,#A3A9A6
color.green,Clover,#384910
color.green,Clover Green,#266946
color.black,Coal,#1A1A1A
color.blue,Cobalt,#030AA7
color.blue,Cobalt Blue,#0047AB
color.blue,Cobalt Stone,#204987
color.purple,Cobalt Violet,#6B3FA0
color.brown,Coca,#362313
color.brown,Coca Mocha,#BD9B8B
color.brown,Cocoa,#875F42
color.brown,Cocoa Brown,#D2691E
color.brown,Coconut,#965A3E
color.brown,Coconut Shell,#543E2C
color.brown,Coffee,#6F4E37
color.brown,Coffee Bean,#2A140E
color.brown,Coffee Brown,#4C3224
color.brown,Coffee Liqueur,#4A2E25
color.brown,Cognac,#9F381D
color.grey,Coin,#989FA4
color.brown,Cola,#3F2500
color.purple,Cold Purple,#ABA0D9
color.grey,Cold Steel,#A5AAB1
color.white,Colonial White,#FFEDBC
color.brown,Colorado,#DFB992
color.blue,Columbia,#4374B3
color.blue,Columbia Blue,#9BDDFF
color.grey,Comet,#5C5D75
color.green,Como,#517C66
color.grey,Conch,#C9D9D2
color.grey,Concord,#7C7B7A
color.grey,Concrete,#F2F2F2
color.grey,Concrete Block,#9A9D98
color.grey,Concrete Grey,#929292
color.yellow,Confetti,#E9D75A
color.brown,Congo Brown,#593737
color.blue,Congress Blue,#02478E
color.green,Conifer,#ACDD4D
color.pink,Contessa,#C6726B
color.orange,Cool Copper,#D98719
color.grey,Cool Grey,#8C92AC
color.brown,Copper,#B87333
color.brown,Copper Brown,#8F543D
color.brown,Copper Canyon,#7E3A15
color.orange,Copper Penny,#AD6F69
color.pink,Copper Rose,#996666
color.brown,Copper Rust,#944747
color.red,Coquelicot,#FF3800
color.orange,Coral,#FF7F50
color.pink,Coral Blush,#F0A288
color.orange,Coral Gold,#F5B581
color.pink,Coral Pink,#F88379
color.red,Coral Red,#FF4040
color.orange,Coral Reef,#C7BCA2
color.red,Cordovan,#893F45
color.green,Corduroy,#606E68
color.green,Coriander,#C4D0B0
color.green,Coriander Seed,#9A875D
color.brown,Cork,#40291D
color.brown,Cork Brown,#9B7D5C
color.yellow,Corn,#FBEC5D
color.yellow,Corn Field,#F8FACD
color.white,Cornflower,#F2EFE8
color.blue,Cornflower Blue,#6495ED
color.yellow,Cornsilk,#FFF8DC
color.orange,Corvette,#FAD3A2
color.purple,Cosmic,#76395D
color.blue,Cosmic Blue,#2C365E
color.white,Cosmic Latte,#FFF8E7
color.pink,Cosmos,#FFD8D9
color.green,Costa Del Sol,#615D30
color.white,Cotton,#FBFBFB
color.white,Cotton Ball,#F4F7F6
color.pink,Cotton Candy,#FFBCD9
color.grey,Cotton Seed,#C2BDB6
color.green,County Green,#01371A
color.blue,Cove Blue,#314A5C
color.brown,Cowboy,#4D282D
color.brown,Coyote,#907C6B
color.brown,Coyote Brown,#81613C
color.red,Cranberry,#DB5079
color.brown,Crater Brown,#462425
color.white,Cream,#FFFDD0
color.yellow,Cream Can,#F5C85C
color.white,Cream White,#FDF7E7
color.white,Creamy,#F5D2D3
color.brown,Creole,#1E0F04
color.green,Cress Green,#A0B45C
color.green,Crete,#737829
color.red,Crimson,#DC143C
color.red,Crimson Red,#990000
color.red,Crimson Rose,#BC3344
color.green,Crocodile,#736D58
color.brown,Croissant,#C4996C
color.red,Crown of Thorns,#771F1F
color.black,Crowshead,#1C1208
color.blue,Cruise,#B5ECDF
color.green,Crusoe,#004816
color.orange,Crusta,#FD7B33
color.green,Cucumber,#87AE73
color.brown,Cumin,#924321
color.pink,Cupid,#FBAED2
color.blue,Curious Blue,#2596D1
color.red,Currant,#912D36
color.yellow,Curry,#C79D3A
color.green,Cutty Sark,#507672
color.blue,Cyan,#00FFFF
color.blue,Cyan Blue,#00B7EB
color.blue,Cyan Cobalt,#28589C
color.purple,Cyber Amethyst,#8C55C4
color.blue,Cyber Azure,#0074E8
color.brown,Cyber Bronze,#BA732E
color.brown,Cyber Copper,#A8692F
color.red,Cyber Crimson,#C40F3E
color.blue,Cyber Cyan,#00E8E8
color.green,Cyber Emerald,#49B86E
color.red,Cyber Garnet,#6A3231
color.yellow,Cyber Gold,#E8C400
color.purple,Cyber Indigo,#450078
color.green,Cyber Jade,#009A62
color.green,Cyber Lime,#ADE800
color.purple,Cyber Magenta,#E800E8
color.green,Cyber Mint,#39A67E
color.blue,Cyber Navy,#000078
color.green,Cyber Olive,#757500
color.black,Cyber Onyx,#313435
color.orange,Cyber Peach,#E8D0A6
color.white,Cyber Pearl,#D6CAB6
color.purple,Cyber Plum,#823F7A
color.red,Cyber Ruby,#CC1057
color.blue,Cyber Sapphire,#0E4DA1
color.grey,Cyber Silver,#AFAFAF
color.blue,Cyber Teal,#007575
color.yellow,Cyber Topaz,#E8B672
color.purple,Cyber Violet,#8200E8
color.grey,Cylinder,#9E999B
color.green,Cypress,#545A2C
color.yellow,Daffodil,#FFFF31
color.yellow,Daffodil Gold,#EAB63E
color.yellow,Daffodil Yellow,#FCE883
color.blue,Daintree,#012731
color.yellow,Dairy Cream,#F9E4BC
color.white,Daisy,#FAFAFA
color.purple,Daisy Bush,#4F2398
color.brown,Dallas,#6E4B26
color.purple,Dancing Script,#E8DAEE
color.yellow,Dandelion,#F0E130
color.yellow,Dandelion Yellow,#FED85D
color.blue,Danube,#6093D1
color.blue,Dark Aqua,#00606B
color.purple,Dark Aubergine,#260718
color.blue,Dark Azure,#00457A
color.brown,Dark Beige,#9A8B73
color.blue,Dark Blue,#00008B
color.blue,Dark Blue Gray,#666699
color.brown,Dark Bronze,#804A00
color.brown,Dark Brown,#654321
color.brown,Dark Brown Tangelo,#88654E
color.red,Dark Burgundy,#5A1725
color.red,Dark Candy Apple Red,#A40000
color.brown,Dark Caramel,#784719
color.blue,Dark Cerulean,#08457E
color.brown,Dark Chestnut,#986960
color.brown,Dark Chocolate,#490206
color.orange,Dark Coral,#CD5B45
color.blue,Dark Cyan,#008B8B
color.green,Dark Emerald,#008A00
color.green,Dark Fern,#0A6906
color.green,Dark Fern Green,#38593F
color.purple,Dark Fuchsia,#9D02D7
color.yellow,Dark Gold,#AA6C39
color.yellow,Dark Goldenrod,#B8860B
color.grey,Dark Gray,#A9A9A9
color.green,Dark Green,#006400
color.grey,Dark Gunmetal,#1F262A
color.yellow,Dark Khaki,#BDB76B
color.blue,Dark Lake,#203C53
color.purple,Dark Lavender,#734F96
color.purple,Dark Magenta,#8B008B
color.purple,Dark Mauve,#874C62
color.grey,Dark Meteor,#3D3A3B
color.yellow,Dark Mustard,#A88905
color.green,Dark Olive,#373E02
color.green,Dark Olive Green,#556B2F
color.orange,Dark Orange,#FF8C00
color.purple,Dark Orchid,#9932CC
color.orange,Dark Peach,#FF9B71
color.green,Dark Pine,#1A4630
color.purple,Dark Plum,#531238
color.orange,Dark Pumpkin,#BE5504
color.red,Dark Red,#8B0000
color.orange,Dark Salmon,#E9967A
color.blue,Dark Sapphire,#082567
color.green,Dark Sea Green,#8FBC8F
color.blue,Dark Sky,#203348
color.grey,Dark Slate,#364147
color.blue,Dark Slate Blue,#483D8B
color.grey,Dark Slate Gray,#2F4F4F
color.blue,Dark Teal,#014D4E
color.red,Dark Terracotta,#CC4E42
color.red,Dark Tomato,#B63E28
color.blue,Dark Turquoise,#00CED1
color.purple,Dark Violet,#9400D3
color.brown,Dark Wood,#432F24
color.pink,Dawn,#F5D3D1
color.orange,Dawn Orange,#E68945
color.pink,Dawn Pink,#E2A0B1
color.grey,Dawn Shadow,#92969E
color.purple,Deep Amethyst,#5A3670
color.blue,Deep Aqua,#005F6A
color.grey,Deep Ash,#4E5055
color.green,Deep Balsam,#264A36
color.purple,Deep Berry,#7A2744
color.red,Deep Berry Red,#7A1F30
color.blue,Deep Blue,#241571
color.yellow,Deep Brass,#A37D35
color.orange,Deep Bronze,#8C5931
color.brown,Deep Brown,#412011
color.orange,Deep Carrot,#E05C14
color.pink,Deep Cerise,#DA3287
color.orange,Deep Coral,#F36968
color.purple,Deep Eggplant,#42243A
color.green,Deep Emerald,#0B5C3D
color.green,Deep Green,#056608
color.blue,Deep Harbor,#1E455E
color.purple,Deep Indigo,#220F50
color.purple,Deep Iris,#4E3182
color.blue,Deep Lagoon,#0A4D5C
color.purple,Deep Magenta,#CC00CC
color.red,Deep Maroon,#820000
color.grey,Deep Metal,#52565C
color.blue,Deep Night,#182136
color.blue,Deep Ocean,#113C58
color.blue,Deep Ocean Blue,#103B5C
color.green,Deep Olive,#36450F
color.orange,Deep Orange,#F96815
color.orange,Deep Peach,#FFCBA4
color.pink,Deep Pink,#FF1493
color.purple,Deep Plum,#5C2248
color.purple,Deep Purple,#36013F
color.red,Deep Red,#850101
color.pink,Deep Rose,#C7444D
color.red,Deep Ruby,#841630
color.orange,Deep Rust,#8A3B22
color.blue,Deep Sapphire,#041434
color.blue,Deep Sea Blue,#033F63
color.blue,Deep Sky Blue,#00BFFF
color.blue,Deep Slate,#3A4A57
color.green,Deep Spring,#2A6D3A
color.green,Deep Spruce,#204537
color.blue,Deep Teal,#00373E
color.blue,Deep Turquoise,#017371
color.purple,Deep Violet,#330066
color.blue,Deep Water,#08647E
color.blue,Denim,#1560BD
color.blue,Denim Blue,#2243B6
color.grey,Denim Gray,#87919E
color.brown,Desert Sand,#EDC9AF
color.red,Devil Red,#AD0000
color.blue,Dew,#D5F5F6
color.grey,Diamond Gray,#E7E8EB
color.green,Dill,#647353
color.grey,Dim Gray,#696969
color.green,Dinosaur Green,#5C6A4F
color.brown,Dirt,#755B46
color.brown,Dirty Brown,#7D6043
color.grey,Dirty Gray,#7E7B78
color.green,Dirty Green,#626C3D
color.blue,Dodger Blue,#1E90FF
color.grey,Dolphin,#888C8D
color.grey,Dolphin Gray,#828E95
color.grey,Dove,#B0B5BB
color.green,Dragon Green,#286B42
color.brown,Dried Leaf,#918365
color.brown,Driftwood,#A9937E
color.blue,Duck Egg Blue,#C2DEDC
color.pink,Dusky Pink,#CC8A93
color.grey,Dust,#B2B1A8
color.pink,Dusty Blush,#C59196
color.blue,Dusty Blue,#758C9B
color.grey,Dusty Gray,#A8989B
color.green,Dusty Green,#788D77
color.green,Dusty Mint,#97BC9D
color.pink,Dusty Pink,#D69FAB
color.purple,Dusty Plum,#6A4C5D
color.purple,Dusty Purple,#8A7280
color.red,Dusty Red,#B25D59
color.pink,Dusty Rose,#C0737A
color.grey,Dusty Stone,#8F8A84
color.blue,Early Dawn,#BBD1E8
color.brown,Earth,#A47D5C
color.brown,Earth Brown,#6A5442
color.green,Earth Green,#5C7550
color.brown,Earthen,#A67D5B
color.brown,Earthen Brown,#73543D
color.grey,Earthen Gray,#8C857E
color.brown,Earthenware,#A75B46
color.black,Ebony,#555D50
color.grey,Ebony Clay,#262833
color.purple,Echo Amethyst,#8A70A6
color.blue,Echo Azure,#4D8BCC
color.brown,Echo Bronze,#A67D54
color.brown,Echo Copper,#997352
color.red,Echo Crimson,#A63F55
color.blue,Echo Cyan,#4DCCCC
color.green,Echo Emerald,#6BA881
color.red,Echo Garnet,#5C3D3D
color.yellow,Echo Gold,#CCA833
color.purple,Echo Indigo,#4C2666
color.green,Echo Jade,#339973
color.green,Echo Lime,#A8CC33
color.purple,Echo Magenta,#CC33CC
color.green,Echo Mint,#57997F
color.blue,Echo Navy,#262666
color.green,Echo Olive,#666626
color.black,Echo Onyx,#353637
color.orange,Echo Peach,#CCBEA3
color.white,Echo Pearl,#C4BEB1
color.purple,Echo Plum,#784F72
color.red,Echo Ruby,#B33D6B
color.blue,Echo Sapphire,#385B99
color.grey,Echo Silver,#A6A6A6
color.blue,Echo Teal,#266666
color.yellow,Echo Topaz,#CCAC80
color.purple,Echo Violet,#8233CC
color.grey,Eclipse,#3F3939
color.blue,Eclipse Blue,#1A263B
color.purple,Eclipse Purple,#3B264A
color.grey,Eclipse Shadow,#45474D
color.green,Eco Green,#499042
color.brown,Ecru,#C2B280
color.white,Ecru White,#F5F5DC
color.green,Edamame,#A1BB7B
color.green,Eden Green,#2C6E4F
color.purple,Eggplant,#614051
color.purple,Eggplant Purple,#46344E
color.white,Eggshell,#F0EAD6
color.white,Eggshell Cream,#F4EAD2
color.blue,Egyptian Blue,#1034A6
color.purple,Elderberry,#493046
color.blue,Electric Aqua,#00FFFF
color.blue,Electric Blue,#7DF9FF
color.blue,Electric Cyan,#00FFFF
color.green,Electric Green,#21FC0D
color.purple,Electric Indigo,#6F00FF
color.blue,Electric Indigo Blue,#4B00D1
color.purple,Electric Lilac,#BA58FA
color.green,Electric Lime,#CCFF00
color.orange,Electric Orange,#FF3500
color.pink,Electric Pink,#F62681
color.purple,Electric Plum,#A100B3
color.purple,Electric Purple,#BF00FF
color.red,Electric Red,#E60000
color.yellow,Electric Yellow,#FFFF33
color.blue,Elephant,#123447
color.green,Elf Green,#088370
color.green,Elm,#1C7C7D
color.green,Emerald,#50C878
color.green,Emerald City,#0D7C4F
color.green,Emerald Forest,#116641
color.green,Emerald Green,#179347
color.green,Emerald Leaf,#3B8756
color.purple,Eminence,#6C3082
color.grey,Emperor,#514649
color.red,Emperor Red,#B91325
color.grey,Empress,#817377
color.purple,Empress Purple,#6B3278
color.purple,Enchanted Purple,#7F4A9E
color.blue,Endeavour,#0056A7
color.blue,Endless Sky,#5D9CDA
color.yellow,Energy Yellow,#F8D65C
color.orange,Engineering International Orange,#BA160C
color.brown,English Brick,#964536
color.brown,English Brown,#583827
color.green,English Holly,#022D15
color.red,English Red,#AB4B52
color.purple,English Violet,#563C5C
color.brown,English Walnut,#3E2B23
color.green,Envy,#8BA690
color.brown,Equator,#E1BC64
color.green,Erin,#00FF40
color.brown,Espresso,#4E312D
color.blue,Eternal Blue,#224F8A
color.grey,Eternal Gray,#7A7D82
color.black,Eternity,#211A0E
color.green,Eton Blue,#96C8A2
color.green,Eucalyptus,#739885
color.pink,Eunry,#CFA39D
color.grey,Evening Gray,#7D838A
color.purple,Evening Orchid,#694D7B
color.green,Evening Sea,#024E46
color.green,Evergreen,#05472A
color.blue,Faded Blue,#7B9FB6
color.blue,Faded Denim,#6D8CA6
color.purple,Faded Eggplant,#735B6D
color.blue,Faded Indigo,#5F6A87
color.purple,Faded Lilac,#C5A6C4
color.green,Faded Olive,#858A6D
color.pink,Faded Pink,#DE9DAC
color.red,Faded Red,#D25F60
color.pink,Faded Rose,#C78996
color.green,Fairy Green,#9CE8A8
color.brown,Falcon,#7E6659
color.grey,Falcon Gray,#847F7B
color.green,Fall Green,#ECEBCE
color.brown,Fallen Leaf,#A87247
color.red,Falu Maroon,#701111
color.red,Falu Red,#801818
color.purple,Fandango,#B53389
color.white,Fantasy,#FAF3F0
color.brown,Fawn,#E5AA70
color.yellow,Fawn Yellow,#E0BD74
color.grey,Fedora,#796A78
color.green,Feijoa,#9FDD8C
color.green,Fern,#63B76C
color.green,Fern Frond,#657220
color.green,Fern Green,#4F7942
color.green,Fern Shoot,#677E3C
color.brown,Ferra,#704F50
color.white,Feta,#F2F5E6
color.brown,Field Drab,#6C541E
color.orange,Fiery Orange,#EB5A1E
color.red,Fiery Red,#EF2929
color.orange,Fiesta,#FDC560
color.purple,Fig,#4B384A
color.green,Finch,#626649
color.green,Finlandia,#556D56
color.purple,Finn,#692D54
color.blue,Fiord,#405169
color.green,Fir,#2C4F38
color.orange,Fire,#DD571C
color.orange,Fire Bush,#E89928
color.red,Fire Engine Red,#CE2029
color.red,Firebrick,#B22222
color.blue,Fjord Blue,#356482
color.orange,Flame,#E25822
color.orange,Flame Orange,#E36024
color.orange,Flame Pea,#DA5B38
color.pink,Flamingo Pink,#FC8EAC
color.pink,Flamingo Rose,#F5789A
color.yellow,Flavescent,#F7E98E
color.yellow,Flax,#EEDC82
color.yellow,Flaxen,#D5B85A
color.yellow,Flaxen Gold,#D1AF5C
color.white,Fleece,#F7F6F1
color.grey,Flint,#7A7A7B
color.grey,Flint Gray,#7C7C77
color.pink,Flirt,#A2006D
color.pink,Flora,#F6C6D6
color.red,Flora Red,#E03D4D
color.white,Floral White,#FFFAF0
color.white,Foam,#F7FAFA
color.grey,Fog,#D6D6D9
color.grey,Fog Gray,#CACDCE
color.grey,Foggy Gray,#CBCAB6
color.grey,Foggy Night,#686D75
color.green,Foliage,#889C57
color.blue,Ford Blue,#003399
color.green,Forest,#0B5509
color.green,Forest Canopy,#1D523B
color.green,Forest Fern,#346B46
color.green,Forest Green,#228B22
color.blue,Forest Lake,#2B6178
color.brown,Forest Oak,#543D2A
color.green,Forest Shadow,#1E3D2B
color.white,Forget Me Not,#FFF1EE
color.grey,Fossil,#DDD1C3
color.grey,Fossil Gray,#B2B3AD
color.blue,Fountain Blue,#56B4BE
color.blue,Fountain Sky,#6BA9D6
color.orange,Fox,#C5531B
color.brown,Frappe,#D5B59C
color.red,Fresh Blood,#C71E1E
color.brown,French Beige,#A67B5B
color.blue,French Blue,#0072BB
color.grey,French Gray,#B4B5B0
color.purple,French Lilac,#86608E
color.brown,French Oak,#947458
color.blue,French Pass,#BDEDFD
color.pink,French Pink,#FD6C9E
color.pink,French Rose,#F64A8A
color.blue,French Sapphire,#104173
color.red,French Wine,#AC1E44
color.blue,Fresco,#9DB2C3
color.purple,Fresh Aubergine,#990066
color.green,Fresh Cut Grass,#629A44
color.green,Fresh Leaves,#83B755
color.grey,Friar Gray,#807E79
color.green,Fringy Flower,#B1E2C1
color.green,Frog Green,#57A639
color.red,Froly,#F57584
color.blue,Frost,#E1EDF9
color.white,Frost White,#F3F7F7
color.green,Frostee,#E4F6E7
color.purple,Fuchsia,#FF00FF
color.pink,Fuchsia Pink,#FF77FF
color.brown,Fudge,#563321
color.green,Fuego,#BEDE0D
color.orange,Fulvous,#E48400
color.blue,Fun Blue,#1959A8
color.grey,Fuscous Gray,#54534D
color.grey,Gainsboro,#DCDCDC
color.purple,Galactic Amethyst,#7A52A3
color.blue,Galactic Azure,#0066CC
color.blue,Galactic Blue,#121E42
color.brown,Galactic Bronze,#A36629
color.brown,Galactic Copper,#945C29
color.red,Galactic Crimson,#A80E34
color.blue,Galactic Cyan,#00CCCC
color.grey,Galactic Dust,#8A8B99
color.green,Galactic Emerald,#40A160
color.red,Galactic Garnet,#5C2B2B
color.yellow,Galactic Gold,#CCAC00
color.purple,Galactic Indigo,#3C0066
color.green,Galactic Jade,#008756
color.green,Galactic Lime,#99CC00
color.purple,Galactic Magenta,#CC00CC
color.green,Galactic Mint,#32916E
color.blue,Galactic Navy,#000066
color.green,Galactic Olive,#666600
color.black,Galactic Onyx,#2A2C2E
color.orange,Galactic Peach,#CCB790
color.white,Galactic Pearl,#BDB5A1
color.purple,Galactic Plum,#73376B
color.purple,Galactic Purple,#552882
color.red,Galactic Ruby,#B30E4C
color.blue,Galactic Sapphire,#0C4296
color.grey,Galactic Silver,#999999
color.blue,Galactic Teal,#006666
color.yellow,Galactic Topaz,#CCA063
color.purple,Galactic Violet,#7300CC
color.purple,Galaxy,#2C2647
color.blue,Galaxy Blue,#2A4B7C
color.white,Gallery,#EFEFEF
color.yellow,Gamboge,#E49B0F
color.green,Garden Fern,#4F824A
color.red,Garnet,#733635
color.red,Garnet Gem,#7A1728
color.red,Garnet Red,#741624
color.red,Garnet Stone,#6E1825
color.green,Gator,#4A593D
color.green,Gecko,#83A144
color.orange,Geebung,#D18F1B
color.green,Genoa,#15736B
color.blue,Gentian,#3B5BA2
color.blue,Gentle Blue,#A1C0E6
color.brown,Gentle Brown,#A68A72
color.grey,Gentle Gray,#A8ACB0
color.green,Gentle Green,#93C096
color.pink,Gentle Peach,#F5C5B5
color.blue,Gentle River,#7AAFD6
color.red,Geraldine,#FB8989
color.grey,Geyser,#D4DFE2
color.grey,Ghost,#C8C9CB
color.grey,Ghost Gray,#CAC9C9
color.white,Ghost White,#F8F8FF
color.purple,Gigas,#523C94
color.green,Gimblet,#B8B56A
color.green,Gin,#E8F2EB
color.orange,Ginger,#B06500
color.brown,Gingerbread,#8E4A23
color.yellow,Givry,#F8E4BF
color.blue,Glacier,#80B1C1
color.grey,Glacier Gray,#A6B3B8
color.blue,Glacier Ice,#A4DEE8
color.green,Glade Green,#61845F
color.blue,Glass,#C6E0DE
color.blue,Glass Blue,#9CD6E6
color.blue,Glaucous,#6082B6
color.yellow,Gleaming Gold,#E8BC43
color.yellow,Go Ben,#726D4E
color.grey,Goat,#928C86
color.green,Goblin,#3D7D52
color.yellow,Gold,#FFD700
color.orange,Gold Drop,#F18200
color.yellow,Gold Dust,#EBCF7B
color.yellow,Gold Leaf,#DDB936
color.yellow,Gold Tips,#DEBA13
color.yellow,Golden,#FFD700
color.brown,Golden Bark,#93703B
color.orange,Golden Bell,#E28913
color.brown,Golden Brown,#996515
color.yellow,Golden Corn,#F5C538
color.yellow,Golden Dream,#F0D52D
color.yellow,Golden Field,#E2B446
color.yellow,Golden Fizz,#F5FB3D
color.brown,Golden Oak,#A87532
color.orange,Golden Rust,#BD6C2B
color.yellow,Golden Sand,#EAC878
color.yellow,Golden Yellow,#FFDF00
color.yellow,Goldenrod,#DAA520
color.black,Gondola,#261414
color.grey,Goose,#A8A8A2
color.green,Gordons Green,#0B1107
color.green,Gorgon Green,#435F4C
color.yellow,Gorse,#FFF14F
color.green,Gossamer,#069B81
color.green,Gossip,#D2F8B0
color.blue,Gothic,#6D92A1
color.blue,Governor Bay,#2F3CB3
color.brown,Grain Brown,#E4D5B7
color.yellow,Grandis,#FFD38C
color.green,Granite Green,#8D8974
color.green,Granny Apple,#D5F6E3
color.green,Granny Smith,#84A0A0
color.purple,Grape,#6C3461
color.purple,Grape Jam,#552F5B
color.pink,Grapefruit,#FD5956
color.grey,Graphite,#454445
color.green,Grass,#5CAC2D
color.green,Grassland,#618641
color.green,Grassy Green,#58A142
color.grey,Gravel,#737475
color.brown,Gravel Brown,#806F61
color.grey,Gravel Gray,#7E807D
color.grey,Gray,#808080
color.blue,Greek Blue,#00659F
color.green,Green,#008000
color.green,Green Apple,#8CC63F
color.blue,Green Blue,#247EB4
color.green,Green Field,#4A8438
color.green,Green Haze,#01A368
color.green,Green House,#24500F
color.green,Green Kelp,#25311C
color.green,Green Leaf,#436A0D
color.green,Green Mist,#CBD3B0
color.green,Green Pea,#1D6142
color.green,Green Smoke,#A4AF6E
color.green,Green Spring,#B8C1B1
color.green,Green Tea,#B4C698
color.blue,Green Vogue,#032B52
color.green,Green Waterloo,#101405
color.white,Green White,#E8EBE0
color.green,Green Yellow,#ADFF2F
color.orange,Grenadier,#D54600
color.grey,Grey Chateau,#A2AAB3
color.grey,Grey Cloud,#9EA4AB
color.grey,Grey Nickel,#C3C3BD
color.grey,Grey Nurse,#E7ECE6
color.grey,Grey Olive,#A9A491
color.grey,Grey Suit,#C1BECD
color.grey,Grey Wolf,#6E6C68
color.brown,Guinness,#0B0F08
color.blue,Gulf Blue,#051657
color.blue,Gulf Blue Deep,#174270
color.green,Gulf Stream,#80B3C4
color.grey,Gull Gray,#9DACB7
color.blue,Gun Powder,#414257
color.grey,Gunmetal,#53565B
color.grey,Gunpowder Gray,#5C5E62
color.grey,Gunsmoke,#828685
color.green,Gurkha,#9A9577
color.orange,Habanero,#F96515
color.brown,Hacienda,#98811B
color.grey,Hail,#D3D5D7
color.brown,Hairy Heath,#6B2A14
color.purple,Haiti,#1B1035
color.blue,Half Baked,#85C4CC
color.white,Half Colonial White,#FDF6D3
color.white,Half Dutch White,#FEF7DE
color.white,Half Spanish White,#FEF4DB
color.white,Halfmoon,#DFEFEA
color.brown,Hampton,#E5D8AF
color.blue,Harbor,#3F5E6F
color.blue,Harbor Blue,#2B5E80
color.grey,Harbor Gray,#828E99
color.green,Harlequin,#3FFF00
color.green,Harlequin Green,#46CB18
color.white,Harp,#E6F2EA
color.purple,Harvest Berry,#6E2B47
color.yellow,Harvest Corn,#E8B43F
color.yellow,Harvest Gold,#D99F36
color.brown,Harvest Wheat,#D6B87A
color.brown,Havana Brown,#593C2A
color.brown,Havana Tan,#A67246
color.blue,Havelock Blue,#5590D9
color.blue,Hawaiian Blue,#00699A
color.brown,Hawaiian Tan,#9D5616
color.blue,Hawkes Blue,#D4E2FC
color.grey,Haze Gray,#A0A5AD
color.green,Hazel Green,#7D9160
color.brown,Hazelnut,#935B3B
color.brown,Hazelnut Shell,#855B3E
color.brown,Hearth Brick,#9C4A36
color.orange,Heat Wave,#FF7A00
color.purple,Heather,#9E98AD
color.pink,Heather Pink,#D68FA3
color.purple,Heather Purple,#867A99
color.grey,Heathered Gray,#B6B095
color.blue,Heavy Blue,#2C4561
color.grey,Heavy Iron,#5A5A5C
color.grey,Heavy Metal,#2B3228
color.purple,Heavy Plum,#522C4A
color.grey,Heavy Slate,#525A63
color.red,Heliconia,#DB2B39
color.purple,Heliotrope,#DF73FF
color.green,Heliotrope Green,#7D9E74
color.purple,Heliotrope Purple,#5B0A91
color.green,Hemlock,#5E5D3B
color.brown,Hemp,#987D65
color.green,Herbal Green,#6E9055
color.pink,Hibiscus,#D6335C
color.red,Hibiscus Red,#D12E4A
color.brown,Hickory,#574635
color.green,Hidden Forest,#28523A
color.blue,High Seas,#2A5477
color.blue,High Sky,#4C8EDB
color.blue,High Tide,#1C2841
color.green,Highland,#6F8E63
color.green,Hillary,#ACA586
color.brown,Himalaya,#6A5D1B
color.green,Hinterland,#396342
color.green,Hint of Green,#E6FFE6
color.white,Hint of Red,#FBF9F9
color.white,Hint of Yellow,#FAFDE4
color.grey,Hippo,#7E7F83
color.blue,Hippie Blue,#589AAF
color.green,Hippie Green,#53824B
color.pink,Hippie Pink,#AE4560
color.grey,Hit Gray,#A1ADB5
color.orange,Hit Pink,#FFAB81
color.yellow,Hokey Pokey,#C8A528
color.blue,Hoki,#65869F
color.purple,Holo Amethyst,#A87AD6
color.blue,Holo Azure,#1F8EFF
color.brown,Holo Bronze,#D99347
color.brown,Holo Copper,#C48647
color.red,Holo Crimson,#DE2D58
color.blue,Holo Cyan,#1FFFFF
color.green,Holo Emerald,#63D489
color.red,Holo Garnet,#824443
color.yellow,Holo Gold,#FFDF1F
color.purple,Holo Indigo,#5D009C
color.green,Holo Jade,#1FB87D
color.green,Holo Lime,#C7FF1F
color.purple,Holo Magenta,#FF1FFF
color.green,Holo Mint,#51C49B
color.blue,Holo Navy,#1F1F9C
color.green,Holo Olive,#8F8F1F
color.black,Holo Onyx,#424647
color.orange,Holo Peach,#FFEDC2
color.white,Holo Pearl,#F2EAD4
color.purple,Holo Plum,#9E5494
color.red,Holo Ruby,#E82C73
color.blue,Holo Sapphire,#2566C9
color.grey,Holo Silver,#CCCCCC
color.blue,Holo Teal,#1F8F8F
color.yellow,Holo Topaz,#FFD48F
color.purple,Holo Violet,#A01FFF
color.green,Holly,#011D13
color.pink,Hollywood Cerise,#F400A1
color.yellow,Honey,#E5B22C
color.purple,Honey Flower,#4F1C70
color.yellow,Honeycomb,#EBA937
color.white,Honeydew,#F0FFF0
color.pink,Honeysuckle,#ED7A9E
color.pink,Hopbush,#D06DA1
color.blue,Horizon,#5C82A2
color.blue,Horizon Blue,#4E7DBA
color.white,Horn,#CFBFB7
color.green,Hosta,#7B9F80
color.purple,Hot Magenta,#FF1DCE
color.pink,Hot Magenta Pink,#E9168B
color.pink,Hot Pink,#FF69B4
color.brown,Hot Toddy,#B38007
color.white,Hummingbird,#CFF9F3
color.green,Hunter Green,#355E3B
color.grey,Hurricane,#877C7B
color.grey,Husky,#E3E4E6
color.blue,Hyacinth,#5778B5
color.purple,Hyper Amethyst,#AD75E6
color.blue,Hyper Azure,#008BFF
color.brown,Hyper Bronze,#E68E37
color.brown,Hyper Copper,#D1823B
color.red,Hyper Crimson,#F2144B
color.blue,Hyper Cyan,#00FFFF
color.green,Hyper Emerald,#59E689
color.red,Hyper Garnet,#823D3C
color.yellow,Hyper Gold,#FFEB00
color.purple,Hyper Indigo,#560096
color.green,Hyper Jade,#00C27A
color.green,Hyper Lime,#D1FF00
color.purple,Hyper Magenta,#FF00FF
color.green,Hyper Mint,#45D19E
color.blue,Hyper Navy,#000096
color.green,Hyper Olive,#969600
color.black,Hyper Onyx,#3B3F40
color.orange,Hyper Peach,#FFF7CB
color.white,Hyper Pearl,#FFEDCC
color.purple,Hyper Plum,#A34E99
color.red,Hyper Ruby,#FC146B
color.blue,Hyper Sapphire,#115ECF
color.grey,Hyper Silver,#D6D6D6
color.blue,Hyper Teal,#009696
color.yellow,Hyper Topaz,#FFDA8C
color.purple,Hyper Violet,#9F00FF
color.blue,Ice,#D6FFFA
color.blue,Ice Blue,#82CAFF
color.blue,Ice Cave,#78C4D4
color.blue,Ice Cold,#B1F4E7
color.white,Ice Cream,#F7F5EB
color.blue,Ice Crystal,#AEE1ED
color.blue,Ice Flow,#C0D5E0
color.blue,Ice Palace,#C9E0E8
color.blue,Ice Water,#8CD4E6
color.blue,Iceberg,#71A6D2
color.grey,Iceberg Gray,#ABB9C0
color.blue,Icelandic Blue,#A1C6CC
color.yellow,Icterine,#FCF75E
color.blue,Icy Aqua,#9EF2EB
color.pink,Icy Pink,#F0C2CF
color.blue,Icy Sea,#8BBCC9
color.grey,Icy Slate,#84939E
color.green,Iguana,#829D55
color.green,Iguana Green,#6E9E56
color.green,Illuminating Emerald,#319177
color.pink,Illusion,#F6A4C9
color.grey,Imperial Gray,#768187
color.orange,Imperial Orange,#E05C1F
color.purple,Imperial Purple,#602F6B
color.red,Imperial Red,#ED2939
color.yellow,Inca Gold,#D19A2E
color.green,Inchworm,#B2EC5D
color.grey,Independence,#4C516D
color.brown,Indian Bronze,#A35932
color.green,India Green,#138808
color.brown,Indian Khaki,#C3B091
color.pink,Indian Pink,#DF7888
color.red,Indian Red,#CD5C5C
color.yellow,Indian Yellow,#E3A857
color.purple,Indigo,#4B0082
color.blue,Indigo Blue,#3F4771
color.blue,Indigo Depths,#1E2145
color.blue,Indigo Ink,#20295C
color.blue,Indigo Night,#242646
color.purple,Indigo Purple,#401D78
color.grey,Indigo Slate,#41486B
color.orange,Indochine,#C26B03
color.blue,Infinity Blue,#122B5C
color.blue,Ink,#1A2846
color.blue,Ink Blue,#172B59
color.grey,Inner Space,#434854
color.blue,International Klein Blue,#002FA7
color.orange,International Orange,#FF4F00
color.purple,Iris,#5A4FCF
color.purple,Iris Violet,#7154A8
color.brown,Iron Bark,#524238
color.brown,Irish Coffee,#5F3D26
color.red,Irish Red,#AF1511
color.brown,Iroko,#433120
color.grey,Iron,#565C62
color.brown,Ironstone,#86483C
color.pink,Irresistible,#B3446C
color.white,Isabelline,#F4F0EC
color.blue,Island Blue,#1CA3C4
color.white,Ivory,#FFFFF0
color.black,Ivory Black,#231F20
color.green,Ivy Green,#376241
color.purple,Jacaranda,#2E0329
color.purple,Jacarta,#3A2A6A
color.brown,Jacko Bean,#413628
color.grey,Jacks,#302A24
color.green,Jade,#00A86B
color.green,Jade Forest,#1D7354
color.green,Jade Stone,#3CA87F
color.orange,Jaffa,#EF8633
color.orange,Jaffa Orange,#DF6724
color.purple,Jagger,#350E57
color.black,Jaguar,#080110
color.green,Jalapeno,#8C9945
color.red,Jam,#871C25
color.brown,Jambalaya,#5B3013
color.brown,Janna,#F4EBD3
color.red,Japanese Carmine,#9D2933
color.blue,Japanese Indigo,#264348
color.green,Japanese Laurel,#0A6906
color.red,Japanese Maple,#780109
color.purple,Japanese Violet,#5B3256
color.orange,Japonica,#D87C63
color.yellow,Jasmine,#F8DE7E
color.yellow,Jasmine Bloom,#F7DD8C
color.yellow,Jasmine Yellow,#F5D061
color.red,Jasper,#D73B3E
color.red,Jasper Brick,#A63F3A
color.red,Jasper Red,#D73B3E
color.blue,Java,#1FC2C2
color.purple,Jazzberry Jam,#A50B5E
color.blue,Jeans,#5E7A96
color.blue,Jelly Bean,#277DA7
color.black,Jet,#343434
color.blue,Jet Stream,#B5D2CE
color.green,Jewel,#136843
color.yellow,Jonquil,#F4CA16
color.blue,Jordy Blue,#8AB9F1
color.brown,Judge Gray,#544333
color.grey,Jumbo,#7C7B82
color.green,June Bud,#BDDA57
color.green,Jungle,#255C42
color.green,Jungle Fern,#267345
color.green,Jungle Green,#29AB87
color.blue,Jungle Mist,#B4CFD3
color.blue,Jungle River,#1A637A
color.green,Juniper,#3A533D
color.brown,Jute,#CAB59C
color.brown,Kabul,#5E483E
color.green,Kaitoke Green,#004620
color.green,Kale,#4B5E40
color.grey,Kangaroo,#C6C3B5
color.green,Kangaroo Green,#808B6B
color.black,Karaka,#1E2712
color.orange,Karry,#FFEAD4
color.blue,Kashmir Blue,#507096
color.green,Kelly Green,#4CBB17
color.green,Kelp,#454936
color.green,Kelp Bed,#3D573B
color.green,Kelp Forest,#44513E
color.brown,Kenyan Copper,#7C1C05
color.green,Keppel,#3AB09E
color.red,Ketchup,#C22026
color.grey,Kettle Black,#303133
color.green,Key Lime,#E8F48C
color.yellow,Key Lime Pie,#BFC921
color.yellow,Khaki,#C3B091
color.brown,Khaki Brown,#968461
color.green,Khaki Green,#8A865D
color.green,Kidnapper,#E1EAD4
color.black,Kilamanjaro,#240C02
color.green,Killarney,#3A6A47
color.purple,Kimberly,#736C9F
color.purple,Kingfisher Daisy,#3E0480
color.green,Kiwi,#8EE53F
color.green,Kiwi Green,#8AC940
color.grey,Koala,#9D9D98
color.grey,Koala Gray,#8A8E91
color.red,Kobe,#882D17
color.pink,Kobi,#E79FC4
color.brown,Kobicha,#6B4423
color.green,Kokoda,#6E6D57
color.green,Kombu Green,#354230
color.brown,Kombucha,#C98A4B
color.orange,Korma,#8F4B0E
color.yellow,Koromiko,#FFBD5F
color.yellow,Kournikova,#FFE772
color.purple,KSU Purple,#512888
color.red,KU Crimson,#E8000D
color.brown,Kumera,#886221
color.green,La Palma,#368716
color.green,La Rioja,#B3C110
color.white,Lace,#F8F2EA
color.blue,Lagoon,#006994
color.blue,Lagoon Blue,#006A82
color.blue,Lake,#2E6B9B
color.blue,Lake Blue,#41819B
color.green,Lake Forest,#225C40
color.blue,Lake Reflection,#4B8EAD
color.blue,Lapis Blue,#1B4785
color.blue,Lapis Sea,#185282
color.blue,Lapis Lazuli,#26619C
color.green,Las Palmas,#C6E610
color.yellow,Laser,#C8B568
color.blue,Laser Blue,#007AFA
color.purple,Laser Purple,#9100EB
color.brown,Latte,#C9A384
color.green,Laurel,#779275
color.green,Laurel Leaf,#5C7D5A
color.red,Lava,#CF1020
color.brown,Lava Brown,#5C3122
color.red,Lava Rock,#A12921
color.purple,Lavender,#E6E6FA
color.purple,Lavender Ash,#9D939F
color.purple,Lavender Blossom,#C196D6
color.blue,Lavender Blue,#8B90E3
color.pink,Lavender Blush,#FFF0F5
color.purple,Lavender Dream,#A87EBF
color.grey,Lavender Gray,#C4C3D0
color.grey,Lavender Grey,#BDBBD7
color.purple,Lavender Magenta,#EE82EE
color.purple,Lavender Mist,#D2CBEB
color.pink,Lavender Pink,#FBAED2
color.pink,Lavender Rose,#FBA0E3
color.purple,Lavender Shadow,#756378
color.green,Lawn,#59A927
color.green,Lawn Green,#7CFC00
color.grey,Lead,#777B7E
color.green,Leaf,#71AA34
color.green,Leafy Green,#4B8233
color.green,Leafy Green Soft,#6DA656
color.brown,Leather,#8B5A2B
color.brown,Leather Brown,#7A4B3A
color.brown,Leather Saddle,#754728
color.yellow,Lemon,#FFF700
color.yellow,Lemon Chiffon,#FFFACD
color.yellow,Lemon Drop,#F8E662
color.yellow,Lemon Ginger,#AC9E22
color.yellow,Lemon Glow,#FCEE5D
color.green,Lemon Grass,#9B9E8F
color.green,Lemon Leaf,#798835
color.yellow,Lemon Yellow,#FFF44F
color.blue,Liberty,#545AA7
color.black,Licorice,#1A1110
color.orange,Light Apricot,#FDD5B1
color.blue,Light Aqua,#8CFFDB
color.grey,Light Ash,#D9D9D6
color.green,Light Balsam,#6B967D
color.blue,Light Blue,#ADD8E6
color.brown,Light Bronze,#A88258
color.brown,Light Brown,#B5651D
color.grey,Light Charcoal,#575757
color.brown,Light Chestnut,#AB7667
color.brown,Light Cocoa,#8C6551
color.grey,Light Concrete,#BDBEBD
color.pink,Light Coral,#F08080
color.blue,Light Cyan,#E0FFFF
color.blue,Light Denim,#7196BC
color.purple,Light Eggplant,#856080
color.blue,Light Glacier,#D8EDF2
color.yellow,Light Gold,#F1E5AC
color.yellow,Light Goldenrod Yellow,#FAFAD2
color.grey,Light Gray,#D3D3D3
color.green,Light Green,#90EE90
color.blue,Light Harbor,#84A9C4
color.purple,Light Indigo,#6D5ACF
color.yellow,Light Khaki,#F0E68C
color.brown,Light Leather,#AC8061
color.purple,Light Lilac,#D891EF
color.red,Light Maroon,#B23A48
color.purple,Light Mauve,#D0A2B9
color.yellow,Light Mustard,#EEDC82
color.blue,Light Ocean,#7CB8D6
color.green,Light Olive,#86AF49
color.orange,Light Orange,#FED8B1
color.orange,Light Peach,#FFDAB9
color.pink,Light Pink,#FFB6C1
color.purple,Light Purple,#E0B0FF
color.red,Light Red,#FF7F7F
color.pink,Light Rose,#FFC5CB
color.orange,Light Salmon,#FFA07A
color.green,Light Sea Green,#20B2AA
color.blue,Light Sky Blue,#87CEFA
color.grey,Light Slate Gray,#778899
color.blue,Light Steel Blue,#B0C4DE
color.brown,Light Taupe,#B38B6D
color.blue,Light Teal,#90E8DF
color.blue,Light Turquoise,#AFE4DE
color.purple,Light Violet,#CF9FFF
color.yellow,Light Yellow,#FFFFE0
color.blue,Lighthouse Blue,#4B809E
color.yellow,Lightning Yellow,#FCC01E
color.purple,Lilac,#C8A2C8
color.purple,Lilac Ash,#AD9FAF
color.purple,Lilac Bush,#9874D3
color.purple,Lilac Grey,#A59CA1
color.white,Lily,#F6F3E6
color.white,Lily Powder,#F3F2EE
color.white,Lily White,#E9EEEB
color.green,Lima,#C3D150
color.green,Lime,#00FF00
color.green,Lime Green,#32CD32
color.green,Lime Twist,#C5E138
color.green,Limeade,#6F9D02
color.blue,Limed Spruce,#394851
color.yellow,Limon,#D7E73E
color.white,Linen,#FAF0E6
color.white,Linen White,#F9F2E7
color.blue,Link Water,#D9E4F5
color.red,Lipstick,#C01525
color.brown,Lisbon Brown,#423921
color.brown,Liver,#534B4F
color.white,Loafer,#EEF4DE
color.grey,Loblolly,#BDC9CE
color.red,Lobster,#DA321C
color.green,Lochinvar,#2C8C84
color.blue,Lochmara,#007EC7
color.green,Locust,#A8AF8E
color.black,Log Cabin,#242A1D
color.purple,Logan,#AAA9CD
color.purple,Lola,#DFCFDB
color.pink,Lollipop,#D91C5C
color.purple,London Hue,#BEA6C3
color.blue,Lost Blue,#2A4867
color.pink,Lotus,#ED92A4
color.purple,Loulou,#460B41
color.red,Love Red,#E21010
color.green,Lucky,#AF9F1C
color.blue,Lucky Point,#1A1A68
color.brown,Lumber,#FFE4CD
color.purple,Lumina Amethyst,#B58AE0
color.blue,Lumina Azure,#3399FF
color.brown,Lumina Bronze,#E09E5C
color.brown,Lumina Copper,#D1945C
color.red,Lumina Crimson,#E6456B
color.blue,Lumina Cyan,#33FFFF
color.green,Lumina Emerald,#71E09D
color.red,Lumina Garnet,#8F5453
color.yellow,Lumina Gold,#FFE433
color.purple,Lumina Indigo,#6A1AA3
color.green,Lumina Jade,#33C28B
color.green,Lumina Lime,#D6FF33
color.purple,Lumina Magenta,#FF33FF
color.green,Lumina Mint,#5ED1A8
color.blue,Lumina Navy,#1A1AA3
color.green,Lumina Olive,#99991A
color.black,Lumina Onyx,#4E5253
color.orange,Lumina Peach,#FFF0D1
color.white,Lumina Pearl,#F5EEDC
color.purple,Lumina Plum,#AD62A4
color.red,Lumina Ruby,#F23D80
color.blue,Lumina Sapphire,#3172D6
color.grey,Lumina Silver,#D9D9D9
color.blue,Lumina Teal,#1A9999
color.yellow,Lumina Topaz,#FFDF9E
color.purple,Lumina Violet,#A833FF
color.green,Lunar Green,#3C493A
color.yellow,Luxator,#D9D2A6
color.white,Macadamia,#F3E4C6
color.orange,Macaroni and Cheese,#FFBD88
color.brown,Macaroon,#F0E2D3
color.purple,Macaw Purple,#6A298F
color.blue,Macaw Blue,#0F6FA6
color.green,Machinery Green,#566B57
color.pink,Madagascar Pink,#F4C4DE
color.blue,Madison,#09255D
color.blue,Madonna,#3F4C6B
color.brown,Madrid,#4D400F
color.purple,Magenta,#FF00FF
color.pink,Magenta Bloom,#D12B7B
color.pink,Magenta Pink,#CC338B
color.pink,Magenta Rose,#CF2771
color.blue,Magic Blue,#5E8BCE
color.green,Magic Mint,#AAF0D1
color.purple,Magic Plum,#6E2B6E
color.red,Magic Potion,#FF4466
color.white,Magnolia,#F8F4FF
color.brown,Mahogany,#C04000
color.brown,Mahogany Brown,#4A0100
color.brown,Mahogany Wood,#492318
color.orange,Mai Tai,#894367
color.yellow,Maize,#FBEC5D
color.yellow,Maize Yellow,#F2C649
color.brown,Makara,#897D6D
color.grey,Mako,#444954
color.green,Malachite,#0BDA51
color.green,Malachite Green,#1FA159
color.green,Malachite Stone,#1D9452
color.blue,Malibu,#7DC8F7
color.green,Mallard,#233418
color.grey,Manatee,#979AAA
color.yellow,Mandalay,#AD781B
color.orange,Mandarin,#F37A48
color.orange,Mandarin Orange,#F37A48
color.red,Mandy,#E25465
color.pink,Mandys Pink,#F2C3B2
color.orange,Mango,#F4BE2C
color.orange,Mango Tango,#FF8243
color.orange,Mango Tango Soft,#DF7E46
color.orange,Manhattan,#F5C999
color.green,Mantis,#74C365
color.green,Mantle,#8B9C90
color.green,Manz,#EEF42B
color.brown,Maple,#C67843
color.white,Marble,#F2F1EC
color.purple,Mardi Gras,#880085
color.yellow,Marigold,#EAA221
color.yellow,Marigold Yellow,#FBE870
color.blue,Marine,#041E42
color.blue,Marine Blue,#1A3E68
color.blue,Marine Depths,#102A47
color.blue,Mariner,#286ACD
color.blue,Marlin Blue,#2B4964
color.orange,Marmalade,#D16002
color.red,Maroon,#800000
color.brown,Maroon Oak,#520C17
color.red,Mars Brick,#A34135
color.red,Mars Red,#A62A20
color.green,Marsh Green,#45503B
color.black,Marshland,#0B0F08
color.blue,Martinique,#363050
color.yellow,Marzipan,#F8DB9D
color.brown,Masala,#4B3832
color.green,Matcha,#9DAF73
color.blue,Matisse,#1B659D
color.red,Matrix,#B05D54
color.grey,Matterhorn,#4E3B41
color.grey,Matterhorn Gray,#6A656B
color.purple,Mauve,#E0B0FF
color.purple,Mauve Ash,#917B87
color.pink,Mauve Pink,#C77398
color.purple,Mauve Purple,#915F6D
color.pink,Mauvelous,#EF98AA
color.purple,Maverick,#D8C2D5
color.blue,Maximum Blue,#47ABCC
color.yellow,Maximum Yellow,#FAFA37
color.green,Meadow,#4DB968
color.green,Meadow Grass,#529E4D
color.brown,Meat Brown,#E5B73B
color.blue,Mediterranean Blue,#285686
color.green,Medium Aquamarine,#66CDAA
color.blue,Medium Blue,#0000CD
color.purple,Medium Orchid,#BA55D3
color.purple,Medium Purple,#9370DB
color.green,Medium Sea Green,#3CB371
color.blue,Medium Slate Blue,#7B68EE
color.green,Medium Spring Green,#00FA9A
color.blue,Medium Turquoise,#48D1CC
color.red,Medium Violet Red,#C71585
color.purple,Melanzane,#300529
color.yellow,Mellow Yellow,#F7D862
color.pink,Melon,#FDBCB4
color.pink,Melon Pink,#FFB1B0
color.purple,Melrose,#C7C1FF
color.grey,Mercury,#E5E5E5
color.white,Merino,#F6F0E6
color.grey,Merlin,#413C37
color.red,Merlot,#730039
color.grey,Metal,#8A8D8F
color.grey,Metal Gray,#7B8086
color.brown,Metallic Bronze,#49371B
color.brown,Metallic Copper,#71291D
color.yellow,Metallic Gold,#D4AF37
color.grey,Metallic Silver,#A8A9AD
color.orange,Meteor,#D07D12
color.grey,Meteor Gray,#4A4B4B
color.purple,Meteorite,#3C1F76
color.red,Mexican Red,#A72525
color.grey,Mid Gray,#5F5F6E
color.blue,Midnight,#0B192C
color.black,Midnight Black,#28282B
color.blue,Midnight Blue,#191970
color.green,Midnight Moss,#041004
color.blue,Midnight Ocean,#17243B
color.blue,Midnight Ocean Blue,#11223D
color.purple,Midnight Plum,#301B2E
color.purple,Midnight Purple,#280137
color.yellow,Mikado Yellow,#FFC40C
color.yellow,Milan,#FAFFA4
color.red,Milano Red,#B81104
color.white,Milk,#FDFFF5
color.brown,Milk Chocolate,#84563C
color.white,Milk Glass,#F5F6F1
color.white,Milk Punch,#FFF6D4
color.brown,Milk Tea,#C3A68F
color.brown,Millbrook,#594433
color.green,Military Green,#666B55
color.yellow,Mimosa,#F8FDD3
color.green,Mindaro,#E3F988
color.black,Mine Shaft,#323232
color.blue,Mineral Blue,#487B94
color.green,Mineral Green,#3F5D53
color.blue,Ming,#36747D
color.yellow,Minion Yellow,#F5E050
color.green,Mint,#3EB489
color.blue,Mint Blue,#429E9D
color.white,Mint Cream,#F5FFFA
color.green,Mint Green,#98FF98
color.green,Mint Julep,#F1EEC1
color.green,Mint Shadow,#789B8F
color.blue,Mint Tulip,#C4F4EB
color.green,Minty Breeze,#85D9BB
color.black,Mirage,#161D27
color.grey,Mischka,#D1D2DD
color.blue,Misty Harbor,#7C90A1
color.grey,Misty Mountain,#858C94
color.pink,Misty Rose,#FFE4E1
color.grey,Mobster,#7F7589
color.brown,Mocha,#492D22
color.brown,Moccaccino,#6E1D14
color.brown,Moccasin,#FFE4B5
color.red,Mojo,#C04737
color.pink,Mona Lisa,#FFA194
color.red,Monarch,#8B0723
color.brown,Mondo,#4A3C30
color.brown,Mongoose,#B5A27F
color.grey,Monsoon,#8A8389
color.green,Monte Carlo,#83D0C6
color.red,Monza,#C7031E
color.purple,Moon Raker,#D6CEF6
color.grey,Moon Rock,#92908B
color.white,Moonlight,#F4F7F2
color.blue,Moonstone,#3AA8C1
color.blue,Moonstone Blue,#73A9C2
color.blue,Morning Glory,#9EDEE0
color.blue,Morning Sky,#A1C9DE
color.brown,Morocco Brown,#441D00
color.grey,Mortar,#504351
color.green,Mosque,#036A6E
color.green,Moss,#758156
color.green,Moss Green,#8A9A5B
color.green,Mountain Meadow,#30BA8F
color.pink,Mountbatten Pink,#997A8D
color.brown,Mud,#70543E
color.brown,Mud Brown,#5D4734
color.brown,Muddy Waters,#B78E5C
color.brown,Muesli,#AA8B5B
color.purple,Mulberry,#C54B8C
color.purple,Mulberry Purple,#4B004F
color.purple,Mulberry Wood,#5C0536
color.brown,Mule Fawn,#8C472F
color.red,Mulled Red,#82343F
color.purple,Mulled Wine,#4E4562
color.green,Mummys Tomb,#828E84
color.blue,Munsell Blue,#0093AF
color.green,Munsell Green,#00A877
color.purple,Munsell Purple,#9F00C5
color.red,Munsell Red,#F2003C
color.yellow,Munsell Yellow,#EFCC00
color.grey,Mushroom,#BA9E8E
color.yellow,Mustard,#FFDB58
color.yellow,Mustard Yellow,#E1AD01
color.blue,Muted Blue,#3B719F
color.green,Muted Green,#5FA052
color.blue,Muted Navy,#344962
color.green,Muted Olive,#686E53
color.pink,Muted Pink,#D1768F
color.purple,Muted Purple,#805D93
color.pink,My Pink,#D69188
color.yellow,My Sin,#FFB31F
color.green,Myrtle Green,#317873
color.grey,Mystic,#E5E7E9
color.pink,Mystic Pearl,#D65282
color.purple,Mystic Purple,#59425D
color.purple,Mystic Violet,#764C99
color.green,Nandor,#4B5D52
color.grey,Napa,#ACA494
color.yellow,Naples Yellow,#FADA5E
color.green,Narvik,#EDF9F1
color.blue,Nautical Blue,#1D3A63
color.grey,Nautical Slate,#546473
color.brown,Navajo White,#FFDEAD
color.blue,Navy,#000080
color.blue,Navy Depths,#0D1C38
color.blue,Navy Night,#131E3A
color.white,Nebula,#CBDBD6
color.purple,Nebula Amethyst,#885CA6
color.blue,Nebula Azure,#1A6AC4
color.brown,Nebula Bronze,#A87137
color.brown,Nebula Copper,#996336
color.red,Nebula Crimson,#B32446
color.blue,Nebula Cyan,#1AC4C4
color.green,Nebula Emerald,#50A871
color.red,Nebula Garnet,#663837
color.yellow,Nebula Gold,#C4A91A
color.purple,Nebula Indigo,#44136B
color.green,Nebula Jade,#1A8F65
color.green,Nebula Lime,#9EC41A
color.purple,Nebula Magenta,#C41AC4
color.green,Nebula Mint,#419677
color.blue,Nebula Navy,#13136B
color.green,Nebula Olive,#6B6B13
color.black,Nebula Onyx,#393B3C
color.orange,Nebula Peach,#C4B291
color.white,Nebula Pearl,#BAB4A6
color.purple,Nebula Plum,#804879
color.red,Nebula Ruby,#BD225B
color.blue,Nebula Sapphire,#205096
color.grey,Nebula Silver,#A3A3A3
color.blue,Nebula Teal,#136B6B
color.yellow,Nebula Topaz,#C49F63
color.purple,Nebula Violet,#7F1AC4
color.orange,Nectarine,#FF7D4A
color.orange,Negroni,#FFE2C5
color.blue,Neon Blue,#4D4DFF
color.orange,Neon Carrot,#FFA343
color.purple,Neon Fuchsia,#FE4164
color.green,Neon Green,#39FF14
color.orange,Neon Orange,#FF5F1F
color.orange,Neon Peach,#FF926C
color.pink,Neon Pink,#FF0099
color.purple,Neon Purple,#BC13FE
color.orange,Neon Tangerine,#FF6A0D
color.yellow,Neon Yellow,#FFFF00
color.blue,Nepal,#8EABC1
color.blue,Neptune,#7CB7BB
color.black,Nero,#140600
color.grey,Nevada,#646E75
color.blue,New Car,#214FC6
color.yellow,New Orleans,#F3D69D
color.pink,New York Pink,#D7837F
color.green,Niagara,#06A189
color.grey,Nickel,#727472
color.black,Night,#0C090A
color.blue,Night Blue,#252850
color.blue,Night Harbor,#1B263B
color.black,Night Rider,#1F120F
color.pink,Night Shadz,#AA375A
color.blue,Night Sky,#1D2C42
color.purple,Night Violet,#391E59
color.blue,Nile Blue,#193751
color.grey,Nobel,#B7B1B1
color.brown,Nomad,#BAB1A2
color.blue,Non-Photo Blue,#A4DDED
color.blue,Nordic Blue,#3A688C
color.white,Nordic White,#F4F6F5
color.brown,Nougat,#C59871
color.purple,Nova Amethyst,#AB77E0
color.blue,Nova Azure,#0088FA
color.brown,Nova Bronze,#E08A36
color.brown,Nova Copper,#CC7F38
color.red,Nova Crimson,#ED1349
color.blue,Nova Cyan,#00FAFA
color.green,Nova Emerald,#57E086
color.red,Nova Garnet,#803D3C
color.yellow,Nova Gold,#FAE200
color.purple,Nova Indigo,#540094
color.green,Nova Jade,#00BD78
color.green,Nova Lime,#CCFA00
color.purple,Nova Magenta,#FA00FA
color.green,Nova Mint,#43CC9A
color.blue,Nova Navy,#000094
color.green,Nova Olive,#949400
color.black,Nova Onyx,#3A3E3F
color.orange,Nova Peach,#FAF2C7
color.white,Nova Pearl,#F7ECD4
color.purple,Nova Plum,#A14D96
color.red,Nova Ruby,#F71269
color.blue,Nova Sapphire,#105DCD
color.grey,Nova Silver,#D1D1D1
color.blue,Nova Teal,#009494
color.yellow,Nova Topaz,#FAD68A
color.purple,Nova Violet,#9C00FA
color.brown,Nutmeg,#81422C
color.brown,Nutmeg Shell,#805338
color.brown,Nutmeg Wood Finish,#683600
color.pink,Ny Pink,#D25E65
color.green,Nyanza,#E9FFDB
color.green,Nymph,#9BBCA2
color.brown,Oak,#553E2B
color.blue,Oasis,#8ED1D4
color.brown,Oat,#DFD1BB
color.brown,Oatmeal,#E0D6CC
color.blue,Ocean,#016064
color.blue,Ocean Blue,#4F42B5
color.blue,Ocean Breeze,#4BADC4
color.blue,Ocean Depths,#174A6A
color.blue,Ocean Depths Blue,#14425C
color.green,Ocean Green,#48BF91
color.grey,Ocean Slate,#5B6E7D
color.brown,Ochre,#CC7722
color.brown,Ochre Brown,#B47434
color.brown,Ochre Dust,#B88147
color.green,Off Green,#E6F8F3
color.white,Off White,#FAF9F6
color.yellow,Off Yellow,#FEF9E3
color.green,Office Green,#008000
color.black,Oil,#281E15
color.red,Old Brick,#901E1E
color.red,Old Burgundy,#43302E
color.grey,Old Cement,#929694
color.brown,Old Copper,#724A2F
color.yellow,Old Gold,#CFB53B
color.white,Old Lace,#FDF5E6
color.purple,Old Lavender,#796878
color.pink,Old Rose,#C08081
color.grey,Old Silver,#848482
color.brown,Old Wood,#6E4830
color.green,Olive,#808000
color.green,Olive Bark,#656247
color.brown,Olive Brown,#6B5523
color.green,Olive Drab,#6B8E23
color.green,Olive Green,#BAB86C
color.green,Olivetone,#716E10
color.green,Olivine,#9AB973
color.blue,Olympos,#C8E5D0
color.blue,Onahau,#CDF4FF
color.purple,Onion,#2F270E
color.black,Onyx,#353839
color.green,Opal,#A8C3BC
color.green,Opal Green,#8EE5C2
color.purple,Opera Mauve,#B784A7
color.brown,Opium,#8E6F70
color.blue,Oracle,#377475
color.orange,Orange,#FFA500
color.orange,Orange Peel,#FF9F00
color.red,Orange Red,#FF4500
color.orange,Orange Rust,#C45821
color.purple,Orchid,#DA70D6
color.purple,Orchid Bloom,#CA80CD
color.pink,Orchid Pink,#F2BDCD
color.white,Orchid White,#FFFDF3
color.brown,Oregon,#9B4703
color.blue,Orient,#015E85
color.pink,Oriental Pink,#C69191
color.white,Orinoco,#F3FBD4
color.grey,Osio,#878D91
color.brown,Otter Brown,#654321
color.grey,Outer Space,#414A4C
color.orange,Outrageous Orange,#FF6E4A
color.grey,Owl Gray,#8A8682
color.brown,Oxide Brown,#77764C
color.orange,Oxide Orange,#BC5A2F
color.blue,Oxford Blue,#002147
color.green,Oxley,#779E86
color.white,Oyster,#EAE5D9
color.white,Oyster Bay,#DAFAFF
color.white,Oyster White,#E2DCD3
color.blue,Pacific Blue,#1CA9C9
color.blue,Pacific Deep,#214B68
color.blue,Pacific Depths,#165478
color.green,Pakistan Green,#006600
color.purple,Palatinate Purple,#682860
color.blue,Pale Aqua,#BCD4E6
color.blue,Pale Blue,#AFEEEE
color.pink,Pale Blush,#F4D1D1
color.yellow,Pale Brass,#D6C28F
color.brown,Pale Brown,#987654
color.red,Pale Carmine,#AF4035
color.blue,Pale Cerulean,#9BC4E2
color.brown,Pale Chestnut,#DDADAF
color.brown,Pale Copper,#DA8A67
color.orange,Pale Coral,#FFCBA4
color.blue,Pale Cornflower Blue,#ABCDEF
color.blue,Pale Cyan,#87D3F8
color.yellow,Pale Gold,#E6BE8A
color.yellow,Pale Goldenrod,#EEE8AA
color.green,Pale Green,#98FB98
color.purple,Pale Lavender,#DDA0DD
color.grey,Pale Lead,#C6C8CA
color.brown,Pale Leather,#C4A485
color.purple,Pale Magenta,#F984E5
color.green,Pale Moss,#A5BA8D
color.blue,Pale Navy,#72849E
color.purple,Pale Orchid,#C29CCC
color.orange,Pale Peach,#FFEFD5
color.pink,Pale Pink,#FADADD
color.purple,Pale Plum,#DDA0DD
color.purple,Pale Red Violet,#DB7093
color.pink,Pale Rose,#F8C3CD
color.green,Pale Spring Bud,#ECEBBD
color.brown,Pale Taupe,#BC987E
color.blue,Pale Teal,#82CFFD
color.purple,Pale Violet,#CC99FF
color.yellow,Pale Yellow,#FFFF99
color.green,Palm Green,#09372B
color.white,Pampas,#F4F3ED
color.purple,Pansy Purple,#78184A
color.orange,Papaya,#FF914D
color.yellow,Papaya Whip,#FFEFD5
color.white,Paper,#F1F1F1
color.white,Paper White,#F8F9FA
color.pink,Paradise Pink,#E62020
color.white,Parchment,#F1E9D2
color.blue,Paris Blue,#1A4B76
color.green,Paris Green,#50C878
color.green,Parrot,#37C246
color.blue,Pastel Blue,#AEC6CF
color.brown,Pastel Brown,#836953
color.grey,Pastel Gray,#CFCFC4
color.green,Pastel Green,#77DD77
color.purple,Pastel Magenta,#F49AC2
color.orange,Pastel Orange,#FFB347
color.pink,Pastel Pink,#DEA5A4
color.purple,Pastel Purple,#B39EB5
color.red,Pastel Red,#FF6961
color.pink,Pastel Rose,#E8A7B6
color.yellow,Pastel Yellow,#FDFD96
color.purple,Patriarch,#800080
color.grey,Pavement,#656763
color.grey,Payne's Gray,#536872
color.orange,Peach,#FFE5B4
color.orange,Peach Blush,#FFCBA6
color.pink,Peach Pink,#FF9999
color.orange,Peach Puff,#FFDAB9
color.blue,Peacock,#008793
color.blue,Peacock Blue,#006080
color.green,Peacock Feather,#17786B
color.green,Peacock Green,#008A7C
color.brown,Peanut,#C49262
color.brown,Peanut Butter,#C78635
color.green,Pear,#D1E231
color.white,Pearl,#EAE0C8
color.green,Pearl Aqua,#88D8C0
color.blue,Pearl Blue,#B8D5E3
color.white,Pearl White,#EAE0C8
color.purple,Pearly Purple,#B768A2
color.brown,Peat,#71624F
color.grey,Pebble,#B3B1AD
color.grey,Pebble Gray,#9E9D99
color.brown,Pecan,#4A2511
color.grey,Pelican,#C1BCB1
color.blue,Pen,#091F92
color.grey,Pencil,#595652
color.brown,Penny,#8F5535
color.pink,Peony,#E1859D
color.grey,Pepper,#626161
color.green,Peppermint,#D4EDDF
color.green,Peridot,#E6E200
color.purple,Periwinkle,#CCCCFF
color.blue,Periwinkle Blue,#8F99FB
color.blue,Persian Blue,#1C39BB
color.green,Persian Green,#00A693
color.purple,Persian Indigo,#32127A
color.orange,Persian Orange,#D99058
color.pink,Persian Pink,#F77FBE
color.red,Persian Plum,#701C1C
color.red,Persian Red,#CC3333
color.pink,Persian Rose,#FE28A2
color.orange,Persimmon,#EC5800
color.brown,Peru,#CD853F
color.pink,Petal,#F4B8C1
color.grey,Pewter,#8B9094
color.purple,Phlox,#DF00FF
color.blue,Phthalo Blue,#000F89
color.green,Phthalo Green,#123524
color.green,Pickle,#597334
color.brown,Pie,#E0B46A
color.grey,Pigeon,#9D9D94
color.green,Pine,#2B593F
color.green,Pine Green,#01796F
color.yellow,Pineapple,#FEE025
color.pink,Pink,#FFC0CB
color.pink,Pink Flamingo,#FF66FF
color.pink,Pink Lace,#FFDDF4
color.pink,Pink Lemonade,#E4287C
color.pink,Pink Pearl,#E7ACCF
color.pink,Pink Sherbet,#F78FA7
color.brown,Pinto,#594433
color.green,Pistachio,#93C572
color.green,Pistachio Green,#9DC209
color.black,Pitch,#000000
color.blue,Pixel,#0056D6
color.orange,Pizza,#BF752A
color.blue,Planet,#1A2649
color.purple,Plasma Amethyst,#945BCC
color.blue,Plasma Azure,#0075F0
color.brown,Plasma Bronze,#CC7E31
color.brown,Plasma Copper,#B87333
color.red,Plasma Crimson,#D61142
color.blue,Plasma Cyan,#00F0F0
color.green,Plasma Emerald,#4FBD74
color.red,Plasma Garnet,#703534
color.yellow,Plasma Gold,#F0D100
color.purple,Plasma Indigo,#4C0085
color.green,Plasma Jade,#00A669
color.green,Plasma Lime,#B8F000
color.purple,Plasma Magenta,#F000F0
color.green,Plasma Mint,#3CB085
color.blue,Plasma Navy,#000085
color.green,Plasma Olive,#858500
color.black,Plasma Onyx,#333637
color.orange,Plasma Peach,#F0DAAD
color.white,Plasma Pearl,#E8DDCA
color.purple,Plasma Plum,#8A4381
color.red,Plasma Ruby,#DF115C
color.blue,Plasma Sapphire,#0E52B5
color.grey,Plasma Silver,#BDBDBD
color.blue,Plasma Teal,#008585
color.yellow,Plasma Topaz,#F0BE77
color.purple,Plasma Violet,#8A00F0
color.grey,Platinum,#E5E4E2
color.grey,Platinum Grey,#E5E4E2
color.purple,Plum,#DDA0DD
color.purple,Plum Purple,#5E315B
color.purple,Plum Velvet,#582548
color.purple,Plum Wine,#5E2141
color.green,Poison Green,#40FD14
color.blue,Polar,#E2F2F5
color.blue,Polar Blue,#97C9D6
color.grey,Polar Gray,#B8BFC4
color.red,Pomegranate,#C0392B
color.red,Popstar,#BE4F62
color.white,Porcelain,#F1F2F2
color.grey,Porpoise,#A8A8A1
color.red,Port,#6B1C23
color.orange,Portland Orange,#FF5A36
color.white,Powder,#F7F7F6
color.blue,Powder Blue,#B0E0E6
color.pink,Powder Pink,#FFB2D0
color.brown,Praline,#BA896E
color.brown,Praline Brown,#A66E4E
color.pink,Primrose,#ED94AE
color.orange,Princeton Orange,#F58025
color.purple,Prism Amethyst,#9E6ACF
color.blue,Prism Azure,#0C7EFF
color.brown,Prism Bronze,#CF8438
color.brown,Prism Copper,#BB7A3B
color.red,Prism Crimson,#DB1D4B
color.blue,Prism Cyan,#0CFFFF
color.green,Prism Emerald,#57C97E
color.red,Prism Garnet,#783B3A
color.yellow,Prism Gold,#FFD90C
color.purple,Prism Indigo,#500887
color.green,Prism Jade,#0CAE72
color.green,Prism Lime,#C2FF0C
color.purple,Prism Magenta,#FF0CFF
color.green,Prism Mint,#45B88D
color.blue,Prism Navy,#080887
color.green,Prism Olive,#878708
color.black,Prism Onyx,#383B3C
color.orange,Prism Peach,#FFE6B9
color.white,Prism Pearl,#EDE2CD
color.purple,Prism Plum,#914A89
color.red,Prism Ruby,#E61C65
color.blue,Prism Sapphire,#1557BA
color.grey,Prism Silver,#C4C4C4
color.blue,Prism Teal,#088787
color.yellow,Prism Topaz,#FFCB81
color.purple,Prism Violet,#950CFF
color.purple,Profound Purple,#471B5C
color.purple,Prune,#701C1C
color.blue,Prussian Blue,#003153
color.purple,Psychedelic Purple,#DF00FF
color.red,Puce,#CC8899
color.brown,Pudding,#D4AA7B
color.grey,Pumice,#C2C6C2
color.orange,Pumpkin,#FF7518
color.black,Pure Black,#000000
color.blue,Pure Blue,#0000FF
color.green,Pure Green,#00FF00
color.red,Pure Red,#FF0000
color.white,Pure White,#FFFFFF
color.purple,Purple,#800080
color.purple,Purple Haze,#807396
color.purple,Purple Heart,#69359C
color.purple,Purple Iris,#684091
color.purple,Purple Mountain Majesty,#9678B6
color.purple,Purple Navy,#4E5180
color.purple,Purple Pizzazz,#FE4EDA
color.purple,Purple Plum,#9C51B6
color.purple,Purpureus,#9A4EAE
color.brown,Putty,#D4C4A8
color.green,Python,#596144
color.purple,Quantum Amethyst,#8C59BA
color.blue,Quantum Azure,#0070E6
color.brown,Quantum Bronze,#BA732D
color.brown,Quantum Copper,#A8692E
color.red,Quantum Crimson,#C2103B
color.blue,Quantum Cyan,#00E6E6
color.green,Quantum Emerald,#4AB56F
color.red,Quantum Garnet,#693130
color.yellow,Quantum Gold,#E6C200
color.purple,Quantum Indigo,#44007A
color.green,Quantum Jade,#009961
color.green,Quantum Lime,#AEE600
color.purple,Quantum Magenta,#E600E6
color.green,Quantum Mint,#39A37C
color.blue,Quantum Navy,#00007A
color.green,Quantum Olive,#7A7A00
color.black,Quantum Onyx,#313334
color.orange,Quantum Peach,#E6CEA3
color.white,Quantum Pearl,#D4C9B4
color.purple,Quantum Plum,#823E7A
color.red,Quantum Ruby,#C90F57
color.blue,Quantum Sapphire,#0D4A9E
color.grey,Quantum Silver,#ADADAD
color.blue,Quantum Teal,#007A7A
color.yellow,Quantum Topaz,#E6B570
color.purple,Quantum Violet,#8200E6
color.grey,Quartz Gray,#88898C
color.blue,Queen Blue,#436B95
color.pink,Queen Pink,#E8CCD7
color.blue,Quiet Blue,#6A8CA8
color.grey,Quiet Gray,#A2A5A8
color.pink,Quiet Pink,#DEA5B4
color.purple,Quiet Purple,#836A96
color.grey,Quick Silver,#A6A6A6
color.purple,Quinacridone Magenta,#8E3A59
color.blue,Rackley,#5D8AA8
color.red,Radical Red,#FF355E
color.green,Rainforest Green,#1F5938
color.black,Raisin Black,#242124
color.orange,Rajah,#FBAB60
color.red,Raspberry,#E30B5D
color.purple,Raspberry Glace,#915F6D
color.pink,Raspberry Pink,#E25098
color.red,Raspberry Rose,#B32A55
color.brown,Raw Sienna,#D68A59
color.brown,Raw Umber,#826644
color.pink,Razzle Dazzle Rose,#FF33CC
color.red,Razzmatazz,#E3256B
color.purple,Razzmic Berry,#8D4E85
color.purple,Rebecca Purple,#663399
color.red,Red,#FF0000
color.red,Red Clay,#A64336
color.orange,Red Orange,#FF5349
color.purple,Red Purple,#E40078
color.purple,Red Violet,#C71585
color.red,Redwood,#A45A52
color.blue,Resolution Blue,#002387
color.grey,Rhino,#535B65
color.purple,Rhythm,#777696
color.orange,Rich Apricot,#E88643
color.black,Rich Black,#004040
color.brown,Rich Brown,#4E2F1D
color.brown,Rich Camel,#A8773F
color.red,Rich Carmine,#D70040
color.blue,Rich Electric Blue,#0892D0
color.purple,Rich Lavender,#A76BCF
color.purple,Rich Lilac,#B666D2
color.red,Rich Maroon,#B03060
color.green,Rifle Green,#444C38
color.blue,River Blue,#3E7092
color.blue,River Depths,#204E6E
color.brown,Roast Coffee,#704241
color.brown,Roasted Bean,#472C1E
color.blue,Robin Egg Blue,#00CCCC
color.grey,Rocket Metallic,#8A7F80
color.grey,Roman Silver,#838996
color.pink,Rose,#FF007F
color.pink,Rose Blush,#E895A2
color.pink,Rose Bonbon,#F9429E
color.pink,Rose Dust,#9E5E6F
color.brown,Rose Ebony,#674846
color.pink,Rose Gold,#B76E79
color.red,Rose Madder,#E32636
color.red,Rose Petal,#C94A65
color.pink,Rose Pink,#FF66CC
color.pink,Rose Quartz,#AA98A9
color.red,Rose Red,#C21E56
color.red,Rose Taupe,#905D5D
color.red,Rose Vale,#AB4E52
color.red,Rosewood,#65000B
color.red,Rosso Corsa,#D40000
color.brown,Rosy Brown,#BC8F8F
color.purple,Royal Amethyst,#713EB0
color.blue,Royal Azure,#0038A8
color.blue,Royal Blue,#4169E1
color.purple,Royal Fuchsia,#CA2C92
color.purple,Royal Purple,#7851A9
color.blue,Royal Sapphire,#163982
color.red,Ruby,#E0115F
color.red,Ruby Dust,#A62441
color.red,Ruby Jewel,#8C1227
color.red,Ruby Red,#9B111E
color.red,Rufous,#A81C07
color.brown,Russet,#80461B
color.green,Russian Green,#679267
color.purple,Russian Violet,#32174D
color.red,Rust,#B7410E
color.brown,Rustic Clay,#994D36
color.red,Rusty Red,#DA2C43
color.orange,Sable Orange,#D66827
color.green,Sacramento State Green,#00563F
color.brown,Saddle Brown,#8B4513
color.brown,Saddle Leather,#804C25
color.orange,Safety Orange,#FF7800
color.yellow,Safety Yellow,#EED202
color.yellow,Saffron,#F4C430
color.green,Sage,#BCB88A
color.blue,Sailor Blue,#244976
color.grey,Sailor Gray,#748391
color.orange,Salmon,#FA8072
color.pink,Salmon Pink,#FF91A4
color.brown,Sand,#C2B280
color.yellow,Sand Dune,#D9B77F
color.brown,Sandstone,#C29972
color.yellow,Sandstorm,#ECD540
color.brown,Sandy Brown,#F4A460
color.red,Sangria,#92000A
color.green,Sap Green,#507D2A
color.blue,Sapphire,#0F52BA
color.blue,Sapphire Blue,#0067A5
color.blue,Sapphire Depths,#0F2B66
color.yellow,Satin Sheen Gold,#CBA135
color.red,Scarlet,#FF2400
color.pink,Schauss Pink,#FF91AF
color.yellow,School Bus Yellow,#FFD800
color.blue,Sea Blue,#006994
color.green,Sea Fern,#3A8F6C
color.green,Sea Green,#2E8B57
color.blue,Sea Mist,#91C9CE
color.green,Sea Pine,#29796C
color.blue,Sea Water,#45A4AD
color.white,Seashell,#FFF5EE
color.yellow,Selective Yellow,#FFBA00
color.brown,Sepia,#704214
color.brown,Shadow,#8A795D
color.blue,Shadow Blue,#778BA5
color.grey,Shadow Gray,#646768
color.grey,Shadow Slate,#47515C
color.green,Shamrock Green,#009E60
color.grey,Shark,#2B3036
color.green,Sheen Green,#8FD400
color.pink,Shimmering Blush,#D98695
color.green,Shiny Shamrock,#5FA778
color.pink,Shocking Pink,#FC0FC0
color.brown,Sienna,#882D17
color.grey,Silver,#C0C0C0
color.grey,Silver Chalice,#ACACAC
color.grey,Silver Dust,#BFC2C4
color.pink,Silver Pink,#C4AEAD
color.grey,Silver Sand,#BFC1C2
color.red,Sinopia,#CB410B
color.green,Skobeloff,#007474
color.blue,Sky Blue,#87CEEB
color.blue,Skyline Blue,#6898C6
color.blue,Skyline Shadow,#507699
color.grey,Slate,#6F7D84
color.blue,Slate Blue,#6A5ACD
color.grey,Slate Gray,#708090
color.grey,Slate Shadow,#505B66
color.purple,Smitten,#C84186
color.grey,Smoke,#738276
color.grey,Smoke Gray,#81858A
color.red,Smokey Topaz,#832A0D
color.black,Smoky Black,#100C08
color.white,Snow,#FFFAFA
color.grey,Soft Ash,#B4B9BA
color.blue,Soft Azure,#5C9BE6
color.pink,Soft Blush,#F0B4BA
color.purple,Soft Lavender,#D0C1D7
color.orange,Soft Peach,#F8D3C5
color.green,Soft Pine,#5C826A
color.pink,Solid Pink,#893843
color.grey,Sonic Silver,#757575
color.blue,Space Blue,#1E2545
color.blue,Space Cadet,#1D2951
color.blue,Space Sky,#1A2B52
color.brown,Spanish Bistre,#807532
color.blue,Spanish Blue,#0070B8
color.red,Spanish Carmine,#D10047
color.red,Spanish Crimson,#E51A4C
color.grey,Spanish Gray,#989898
color.green,Spanish Green,#009150
color.orange,Spanish Orange,#E86100
color.pink,Spanish Pink,#F7BFBE
color.red,Spanish Red,#E60026
color.purple,Spanish Violet,#4C2882
color.green,Spanish Viridian,#007F5C
color.red,Spice Red,#B0443D
color.brown,Spicy Mix,#8B5F4D
color.orange,Spicy Orange,#D45A1E
color.green,Spring Bud,#A7FC00
color.green,Spring Grass,#82BA53
color.green,Spring Green,#00FF7F
color.blue,Spring Sky,#8CC6ED
color.blue,Star Command Blue,#007BB8
color.grey,Steel,#7A858A
color.blue,Steel Blue,#4682B4
color.pink,Steel Pink,#CC33CC
color.grey,Steel Shadow,#616B75
color.purple,Stellar Amethyst,#AB80D6
color.blue,Stellar Azure,#268CFF
color.brown,Stellar Bronze,#D69956
color.brown,Stellar Copper,#C28C56
color.red,Stellar Crimson,#DB375F
color.blue,Stellar Cyan,#26FFFF
color.green,Stellar Emerald,#67D18B
color.red,Stellar Garnet,#804B4B
color.yellow,Stellar Gold,#FFDF26
color.purple,Stellar Indigo,#5D1A99
color.green,Stellar Jade,#26B580
color.green,Stellar Lime,#C9FF26
color.purple,Stellar Magenta,#FF26FF
color.green,Stellar Mint,#57C29C
color.blue,Stellar Navy,#1A1A99
color.green,Stellar Olive,#8C8C1A
color.black,Stellar Onyx,#444748
color.orange,Stellar Peach,#FFECB3
color.white,Stellar Pearl,#F0E8D1
color.purple,Stellar Plum,#9C5C94
color.red,Stellar Ruby,#E63777
color.blue,Stellar Sapphire,#2A68C7
color.grey,Stellar Silver,#C9C9C9
color.blue,Stellar Teal,#1A8C8C
color.yellow,Stellar Topaz,#FFD494
color.purple,Stellar Violet,#9F26FF
color.yellow,Stil de Grain Yellow,#FADA5E
color.red,Stizza,#990000
color.grey,Stone,#898B88
color.grey,Stone Wall,#8A8781
color.grey,Stormcloud,#4F666A
color.yellow,Straw,#E4D96F
color.pink,Strawberry,#FC5A8D
color.red,Strawberry Red,#DA283F
color.purple,Sugar Plum,#914E75
color.yellow,Sunray,#E3AB57
color.orange,Sunset,#FAD6A5
color.orange,Sunset Glow,#F08B48
color.orange,Sunset Orange,#F6653E
color.pink,Super Pink,#CF6BA9
color.brown,Sweet Brown,#A83731
color.brown,Sweet Caramel,#C17A44
color.red,Sweet Cherry,#C92036
color.brown,Tan,#D2B48C
color.orange,Tangelo,#F94D00
color.orange,Tangerine,#F28500
color.orange,Tangerine Glow,#F77D14
color.orange,Tangerine Orange,#FF7A00
color.yellow,Tangerine Yellow,#FFCC00
color.pink,Tango Pink,#E4717A
color.orange,Tart Orange,#FB4D46
color.grey,Taupe,#483C32
color.grey,Taupe Gray,#8B8589
color.green,Tea Green,#D0F0C0
color.pink,Tea Rose,#F4C2C2
color.green,Teal,#008080
color.blue,Teal Blue,#367588
color.green,Teal Deer,#99E6B3
color.green,Teal Forest,#125F59
color.green,Teal Green,#00827F
color.blue,Teal Ocean,#0E6A6B
color.purple,Telemagenta,#CF3476
color.orange,Tenné,#CD5700
color.red,Terra Cotta,#E2725B
color.purple,Thistle,#D8BFD8
color.pink,Thulian Pink,#DE6FA1
color.pink,Tickle Me Pink,#FC89AC
color.grey,Timberwolf,#DBD7D2
color.yellow,Titanium Yellow,#EEE600
color.brown,Toasted Almond,#BD9166
color.red,Toledo Red,#A12D2D
color.red,Tomato,#FF6347
color.blue,Toolbox,#746CC0
color.yellow,Topaz,#FFC87C
color.red,Tractor Red,#FD0E35
color.grey,Trolley Grey,#808080
color.blue,Tropic Blue,#2D97AE
color.green,Tropical Rain Forest,#00755E
color.brown,Truffle Brown,#6B5040
color.blue,True Blue,#0073CF
color.blue,Tufts Blue,#3E8EDE
color.brown,Tumbleweed,#DEAA88
color.pink,Turkish Rose,#B57281
color.blue,Turquoise,#40E0D0
color.blue,Turquoise Blue,#00FFEF
color.green,Turquoise Green,#A0D6B4
color.red,Tuscan Red,#7C4848
color.pink,Tuscany,#C09999
color.purple,Twilight Amethyst,#603B82
color.purple,Twilight Lavender,#8A496B
color.purple,Twilight Purple,#4F375F
color.blue,Twilight Sea,#274E70
color.purple,Tyrian Purple,#66023C
color.purple,Ube,#8878C3
color.blue,Ultra Blue,#084EE8
color.purple,Ultra Plum,#6D1A87
color.blue,Ultramarine,#3F00FF
color.blue,Ultramarine Blue,#4166F5
color.pink,Ultra Pink,#FF6FFF
color.red,Ultra Red,#FC6C85
color.brown,Umber,#635147
color.white,Unbleached Silk,#FFDDCA
color.blue,United Nations Blue,#5B92E5
color.red,University Of Pennsylvania Red,#A50021
color.yellow,Unmellow Yellow,#FFFF66
color.green,UP Forest Green,#014421
color.red,Upsdell Red,#AE2029
color.blue,Urban Blue,#476785
color.grey,Urban Gray,#75787A
color.yellow,Urobilin,#E1AD21
color.blue,USAFA Blue,#004F98
color.red,USC Cardinal,#990000
color.red,Utah Crimson,#D3003F
color.yellow,Vanilla,#F3E5AB
color.pink,Vanilla Ice,#F38FA9
color.yellow,Vegas Gold,#C5B358
color.purple,Velvet Night,#401D4D
color.purple,Velvet Plum,#501E43
color.red,Velvet Red,#9C102C
color.red,Venetian Brick,#A33A36
color.red,Venetian Red,#C80815
color.green,Verdigris,#43B3AE
color.red,Vermilion,#E34234
color.purple,Veronica,#A020F0
color.purple,Vintage Plum,#7A4B6B
color.purple,Vintage Purple,#6D4E67
color.red,Vintage Red,#A7383E
color.red,Vintage Rose,#A85465
color.green,Vintage Sage,#82997E
color.purple,Violet,#8F00FF
color.blue,Violet Blue,#324AB2
color.purple,Violet Dust,#856691
color.red,Violet Red,#F75394
color.green,Viridian,#40826D
color.green,Viridian Green,#009698
color.red,Vivid Burgundy,#9F1D35
color.blue,Vivid Cobalt,#1A4CD6
color.blue,Vivid Sky Blue,#00CCFF
color.orange,Vivid Tangerine,#FFA089
color.purple,Vivid Violet,#9F00FF
color.grey,Volcanic Ash,#5C5F60
color.orange,Volcanic Orange,#E35012
color.green,Volt,#CEFF00
color.purple,Vortex Amethyst,#7D4C9E
color.blue,Vortex Azure,#0060C2
color.brown,Vortex Bronze,#9E6226
color.brown,Vortex Copper,#8F5927
color.red,Vortex Crimson,#A30D32
color.blue,Vortex Cyan,#00C2C2
color.green,Vortex Emerald,#3D995C
color.red,Vortex Garnet,#592928
color.yellow,Vortex Gold,#C2A300
color.purple,Vortex Indigo,#390066
color.green,Vortex Jade,#008052
color.green,Vortex Lime,#93C200
color.purple,Vortex Magenta,#C200C2
color.green,Vortex Mint,#308A68
color.blue,Vortex Navy,#000066
color.green,Vortex Olive,#666600
color.black,Vortex Onyx,#282A2B
color.orange,Vortex Peach,#C2AE8A
color.white,Vortex Pearl,#B3AA98
color.purple,Vortex Plum,#6E3566
color.red,Vortex Ruby,#AA0C49
color.blue,Vortex Sapphire,#0B3E85
color.grey,Vortex Silver,#919191
color.blue,Vortex Teal,#006666
color.yellow,Vortex Topaz,#C2985E
color.purple,Vortex Violet,#6E00C2
color.green,Wageningen Green,#34B233
color.brown,Walnut Shell,#6B4A33
color.brown,Walnut Wood,#583F2E
color.black,Warm Black,#004242
color.blue,Warm Blue,#356396
color.grey,Warm Concrete,#9E9993
color.pink,Warm Rose,#E67A8C
color.yellow,Warm Sun,#F2CB55
color.white,Warm White,#FDF4E3
color.blue,Water Blue,#3E9CBD
color.blue,Waterfront,#3A7799
color.blue,Waterspout,#A4F4F9
color.blue,Wave Blue,#206796
color.brown,Wenge,#645452
color.grey,Whale Gray,#586470
color.grey,Whale Shadow,#4A5561
color.brown,Wheat,#F5DEB3
color.yellow,Wheat Yellow,#EDCD8E
color.white,White,#FFFFFF
color.white,White Smoke,#F5F5F5
color.orange,Wild Apricot,#E8845A
color.blue,Wild Blue Yonder,#A2ADD0
color.pink,Wild Orchid,#D470A2
color.pink,Wild Strawberry,#FF43A4
color.pink,Wild Watermelon,#FC6C85
color.orange,Willpower Orange,#FD5800
color.brown,Windsor Tan,#A75502
color.red,Wine,#722F37
color.red,Wine Berry,#7D2039
color.red,Wine Dregs,#673147
color.grey,Winter Gray,#AEB3B7
color.pink,Winter Sky,#FF007C
color.green,Wintergreen Dream,#56887D
color.purple,Wisteria,#C9A0DC
color.brown,Wood Brown,#C19A6B
color.green,Woodland,#425638
color.green,Woodland Fern,#386641
color.green,Xanadu,#738678
color.blue,Yacht Blue,#1F4773
color.blue,Yale Blue,#0F4D92
color.yellow,Yellow,#FFFF00
color.yellow,Yellow Brass,#CFA844
color.green,Yellow Green,#9ACD32
color.orange,Yellow Orange,#FFAE42
color.blue,YInMn Blue,#2E5090
color.blue,Zaffre,#0014A8
color.green,Zen Garden,#6B8E70
color.purple,Zenith Amethyst,#9966CC
color.blue,Zenith Azure,#007FFF
color.blue,Zenith Blue,#336C9E
color.brown,Zenith Bronze,#CD7F32
color.brown,Zenith Copper,#B87333
color.red,Zenith Crimson,#D11141
color.blue,Zenith Cyan,#00FFFF
color.green,Zenith Emerald,#50C878
color.red,Zenith Garnet,#733635
color.yellow,Zenith Gold,#FFD700
color.purple,Zenith Indigo,#4B0082
color.green,Zenith Jade,#00A86B
color.green,Zenith Lime,#BFFF00
color.purple,Zenith Magenta,#FF00FF
color.green,Zenith Mint,#3EB489
color.blue,Zenith Navy,#000080
color.green,Zenith Olive,#808000
color.black,Zenith Onyx,#353839
color.orange,Zenith Peach,#FFE5B4
color.white,Zenith Pearl,#EAE0C8
color.purple,Zenith Plum,#8E4585
color.red,Zenith Ruby,#E0115F
color.blue,Zenith Sapphire,#0F52BA
color.grey,Zenith Silver,#C0C0C0
color.blue,Zenith Teal,#008080
color.yellow,Zenith Topaz,#FFC87C
color.purple,Zenith Violet,#8F00FF
color.blue,Zephyr Blue,#74A1C9
color.purple,Zephyr Purple,#866299
color.grey,Zinc Gray,#80848A
color.brown,Zinnwaldite Brown,#2C1608
color.green,Zomp,#39A78E
