Key,Value
metadata.version,1.3.0
metadata.last_updated,2026-05-24
metadata.author,Fadhil Akbar Cariearsa
metadata.license,MIT
metadata.category,Medieval Names
metadata.description,A 100% fictional and copyright-free Medieval naming dataset separated by regions for universal use.
people.europe,Aalis Adler
people.europe,Aalis Blackwood
people.europe,Aalis Boone
people.europe,Aalis Crane
people.europe,Aalis Flint
people.europe,Aaric Ashe
people.europe,Aaric Boone
people.europe,Aaric Drake
people.europe,Aaric Ebon
people.europe,Aaric Falk
people.europe,Aaric Flint
people.europe,Adela Black
people.europe,Adela Boone
people.europe,Adela Flint
people.europe,Adela Grey
people.europe,Adela Hawke
people.europe,Adela Iron
people.europe,Ademar Boone
people.europe,Ademar Flint
people.europe,Ademar Miller
people.europe,Aelred Boone
people.europe,Aelred Flint
people.europe,Aelred Palmer
people.europe,Agatha Boone
people.europe,Agatha Fletcher
people.europe,Agatha Flint
people.europe,Agnes Boone
people.europe,Agnes Fletcher
people.europe,Agnes Flint
people.europe,Alaric Boone
people.europe,Alaric Cooper
people.europe,Alaric Flint
people.europe,Alaric Frost
people.europe,Aldous Boone
people.europe,Aldous Flint
people.europe,Aldous Judd
people.europe,Aldous Kent
people.europe,Aldous Locke
people.europe,Aldous Lowe
people.europe,Alianor Boone
people.europe,Alianor Flint
people.europe,Alianor Weaver
people.europe,Alric Boone
people.europe,Alric Flint
people.europe,Alric Mercer
people.europe,Amabel Boone
people.europe,Amabel Flint
people.europe,Amabel Taylor
people.europe,Amice Boone
people.europe,Amice Flint
people.europe,Amice Rivers
people.europe,Anselm Boone
people.europe,Anselm Cooper
people.europe,Anselm Flint
people.europe,Anselm Snow
people.europe,Aris Boone
people.europe,Aris Flint
people.europe,Aris Vane
people.europe,Arnold Boone
people.europe,Arnold Flint
people.europe,Arnold Slater
people.europe,Arthur Boone
people.europe,Arthur Flint
people.europe,Arthur Mason
people.europe,Baldwin Boone
people.europe,Baldwin Flint
people.europe,Baldwin Hunter
people.europe,Balian Boone
people.europe,Balian Flint
people.europe,Balian North
people.europe,Balian Orlov
people.europe,Balian Pyke
people.europe,Balian Ward
people.europe,Bartholomew Boone
people.europe,Bartholomew Flint
people.europe,Bartholomew Taylor
people.europe,Basilia Boone
people.europe,Basilia Carter
people.europe,Basilia Flint
people.europe,Beatrix Ashe
people.europe,Beatrix Boone
people.europe,Beatrix Flint
people.europe,Beatrix Quinn
people.europe,Beatrix Reed
people.europe,Beatrix Stone
people.europe,Benedict Boone
people.europe,Benedict Fisher
people.europe,Benedict Flint
people.europe,Bennet Boone
people.europe,Bennet Fisher
people.europe,Bennet Flint
people.europe,Berend Boone
people.europe,Berend Flint
people.europe,Berend Thorne
people.europe,Berend Vance
people.europe,Berend Weaver
people.europe,Berengar Black
people.europe,Berengar Boone
people.europe,Berengar Flint
people.europe,Bernard Boone
people.europe,Bernard Carter
people.europe,Bernard Flint
people.europe,Berta Boone
people.europe,Berta Flint
people.europe,Berta Thatcher
people.europe,Blaise Boone
people.europe,Blaise Flint
people.europe,Blaise Frost
people.europe,Blaise Wolf
people.europe,Blaise York
people.europe,Blaise Zane
people.europe,Blanche Boone
people.europe,Blanche Draper
people.europe,Blanche Flint
people.europe,Bram Adler
people.europe,Bram Boone
people.europe,Bram Flint
people.europe,Caelin Blackwood
people.europe,Caelin Boone
people.europe,Caelin Crane
people.europe,Caelin Drake
people.europe,Caelin Flint
people.europe,Caelin Lowe
people.europe,Cassian Boone
people.europe,Cassian Ebon
people.europe,Cassian Falk
people.europe,Cassian Flint
people.europe,Cassian Grey
people.europe,Cassian Rivers
people.europe,Cecilia Boone
people.europe,Cecilia Flint
people.europe,Cecilia Turner
people.europe,Cedric Boone
people.europe,Cedric Flint
people.europe,Cedric Hawke
people.europe,Cedric Iron
people.europe,Cedric Judd
people.europe,Cedric Snow
people.europe,Charles Boone
people.europe,Charles Flint
people.europe,Charles Page
people.europe,Cilla Boone
people.europe,Cilla Flint
people.europe,Cilla Kent
people.europe,Cilla Locke
people.europe,Cilla Lowe
people.europe,Cilla Mercer
people.europe,Cilla Vane
people.europe,Clarice Boone
people.europe,Clarice Flint
people.europe,Clarice Glover
people.europe,Clement Baker
people.europe,Clement Boone
people.europe,Clement Flint
people.europe,Clementine Boone
people.europe,Clementine Flint
people.europe,Clementine Hooper
people.europe,Conrad Boone
people.europe,Conrad Flint
people.europe,Conrad North
people.europe,Conrad Ward
people.europe,Constance Boone
people.europe,Constance Draper
people.europe,Constance Flint
people.europe,Corin Ashe
people.europe,Corin Boone
people.europe,Corin Flint
people.europe,Cuthbert Boone
people.europe,Cuthbert Brewer
people.europe,Cuthbert Flint
people.europe,Denis Baxter
people.europe,Denis Boone
people.europe,Denis Flint
people.europe,Deryn Black
people.europe,Deryn Boone
people.europe,Deryn Flint
people.europe,Deryn Orlov
people.europe,Deryn Pyke
people.europe,Deryn Quinn
people.europe,Diana Boone
people.europe,Diana Flint
people.europe,Diana Parker
people.europe,Dietmar Boone
people.europe,Dietmar Flint
people.europe,Dietmar Frost
people.europe,Dietmar Reed
people.europe,Dietmar Stone
people.europe,Dietmar Thorne
people.europe,Domnall Boone
people.europe,Domnall Flint
people.europe,Domnall Lowe
people.europe,Domnall Vance
people.europe,Domnall Weaver
people.europe,Domnall Wolf
people.europe,Dorothea Boone
people.europe,Dorothea Flint
people.europe,Dorothea Porter
people.europe,Drogo Adler
people.europe,Drogo Boone
people.europe,Drogo Flint
people.europe,Drogo Rivers
people.europe,Drogo York
people.europe,Drogo Zane
people.europe,Dunstan Blackwood
people.europe,Dunstan Boone
people.europe,Dunstan Flint
people.europe,Dunstan Snow
people.europe,Eadric Boone
people.europe,Eadric Crane
people.europe,Eadric Drake
people.europe,Eadric Ebon
people.europe,Eadric Flint
people.europe,Eadric Vane
people.europe,Ealdred Boone
people.europe,Ealdred Falk
people.europe,Ealdred Flint
people.europe,Ealdred Grey
people.europe,Ealdred Hawke
people.europe,Ealdred Ward
people.europe,Edgar Boone
people.europe,Edgar Clark
people.europe,Edgar Flint
people.europe,Edith Ashe
people.europe,Edith Boone
people.europe,Edith Flint
people.europe,Edith Iron
people.europe,Edith Judd
people.europe,Edith Kent
people.europe,Edmund Boone
people.europe,Edmund Dyer
people.europe,Edmund Flint
people.europe,Edmund Thatcher
people.europe,Edward Boone
people.europe,Edward Flint
people.europe,Edward Hayward
people.europe,Elara Black
people.europe,Elara Boone
people.europe,Elara Flint
people.europe,Elara Locke
people.europe,Elara Mercer
people.europe,Elara North
people.europe,Eleanor Boone
people.europe,Eleanor Flint
people.europe,Eleanor Mason
people.europe,Elena Boone
people.europe,Elena Flint
people.europe,Elena Rolfe
people.europe,Elias Boone
people.europe,Elias Flint
people.europe,Elias Palmer
people.europe,Elowen Boone
people.europe,Elowen Flint
people.europe,Elowen Frost
people.europe,Elowen Orlov
people.europe,Emma Boone
people.europe,Emma Flint
people.europe,Emma Tyler
people.europe,Emmeline Boone
people.europe,Emmeline Flint
people.europe,Emmeline Turner
people.europe,Eudes Boone
people.europe,Eudes Flint
people.europe,Eudes Slater
people.europe,Eustace Boone
people.europe,Eustace Chandler
people.europe,Eustace Flint
people.europe,Felicia Boone
people.europe,Felicia Flint
people.europe,Felicia Page
people.europe,Felix Archer
people.europe,Felix Boone
people.europe,Felix Flint
people.europe,Fenris Boone
people.europe,Fenris Flint
people.europe,Fenris Lowe
people.europe,Fenris Pyke
people.europe,Fenris Quinn
people.europe,Fenris Reed
people.europe,Fiete Boone
people.europe,Fiete Flint
people.europe,Fiete Rivers
people.europe,Fiete Stone
people.europe,Fiete Thorne
people.europe,Fiete Vance
people.europe,Finnian Boone
people.europe,Finnian Flint
people.europe,Finnian Snow
people.europe,Finnian Weaver
people.europe,Finnian Wolf
people.europe,Finnian York
people.europe,Flora Adler
people.europe,Flora Blackwood
people.europe,Flora Vane
people.europe,Francis Barber
people.europe,Frederick Wood
people.europe,Fulk Crane
people.europe,Fulk Ward
people.europe,Gabriel Smith
people.europe,Galen Ashe
people.europe,Galen Drake
people.europe,Galen Ebon
people.europe,Galen Falk
people.europe,Gareth Black
people.europe,Gareth Grey
people.europe,Gareth Hawke
people.europe,Gareth Iron
people.europe,Gawain Frost
people.europe,Geoffrey Glover
people.europe,Geoffrey Miller
people.europe,Gervase Hooper
people.europe,Giles Judd
people.europe,Giles Kent
people.europe,Giles Locke
people.europe,Giles Lowe
people.europe,Godfrey Baxter
people.europe,Godiva Brewer
people.europe,Godric Mercer
people.europe,Godric North
people.europe,Godric Orlov
people.europe,Godric Rivers
people.europe,Gregory Parker
people.europe,Guntram Pyke
people.europe,Guntram Snow
people.europe,Hadrian Quinn
people.europe,Hadrian Reed
people.europe,Hadrian Stone
people.europe,Hadrian Vane
people.europe,Haldor Thorne
people.europe,Haldor Vance
people.europe,Haldor Ward
people.europe,Haldor Weaver
people.europe,Hawise Porter
people.europe,Hilde Ashe
people.europe,Hilde Wolf
people.europe,Hilde York
people.europe,Hilde Zane
people.europe,Hildegard Clark
people.europe,Hugh Adler
people.europe,Hugh Black
people.europe,Hugh Blackwood
people.europe,Hugh Crane
people.europe,Humbert Drake
people.europe,Humbert Frost
people.europe,Humphrey Dyer
people.europe,Ida Ebon
people.europe,Ida Falk
people.europe,Ida Grey
people.europe,Ida Lowe
people.europe,Iseult Hayward
people.europe,Isolde Hawke
people.europe,Isolde Iron
people.europe,Isolde Judd
people.europe,Isolde Rivers
people.europe,Ivor Kent
people.europe,Ivor Locke
people.europe,Ivor Mercer
people.europe,Ivor Snow
people.europe,Iwan North
people.europe,Iwan Orlov
people.europe,Iwan Pyke
people.europe,Iwan Vane
people.europe,Izan Quinn
people.europe,Izan Ward
people.europe,Jacoba Ashe
people.europe,Jacoba Reed
people.europe,Jacoba Stone
people.europe,Jacoba Thorne
people.europe,Jarek Black
people.europe,Jarek Vance
people.europe,Jarek Weaver
people.europe,Jarek Wolf
people.europe,Jocelin Adler
people.europe,Jocelin Frost
people.europe,Jocelin York
people.europe,Jocelin Zane
people.europe,Jocelyn Rolfe
people.europe,Judd Blackwood
people.europe,Judd Crane
people.europe,Judd Drake
people.europe,Judd Lowe
people.europe,Juliana Ebon
people.europe,Juliana Rivers
people.europe,Kael Falk
people.europe,Kael Grey
people.europe,Kael Hawke
people.europe,Kael Snow
people.europe,Karsten Iron
people.europe,Karsten Judd
people.europe,Karsten Kent
people.europe,Karsten Vane
people.europe,Kendra Locke
people.europe,Kendra Mercer
people.europe,Kendra North
people.europe,Kendra Ward
people.europe,Kenelm Ashe
people.europe,Kenelm Orlov
people.europe,Kenelm Pyke
people.europe,Kenelm Quinn
people.europe,Kilian Black
people.europe,Kilian Reed
people.europe,Lambert Frost
people.europe,Lambert Stone
people.europe,Lambert Thorne
people.europe,Lambert Vance
people.europe,Leofric Lowe
people.europe,Leofric Weaver
people.europe,Leofric Wolf
people.europe,Leofric York
people.europe,Letitia Tyler
people.europe,Lothair Adler
people.europe,Lothair Blackwood
people.europe,Lothair Rivers
people.europe,Lucian Crane
people.europe,Lucian Drake
people.europe,Lucian Ebon
people.europe,Lucian Snow
people.europe,Ludmilla Falk
people.europe,Ludmilla Vane
people.europe,Mabel Archer
people.europe,Margery Barber
people.europe,Matilda Weaver
people.europe,Maude Grey
people.europe,Maude Hawke
people.europe,Maude Iron
people.europe,Maude Ward
people.europe,Merrick Ashe
people.europe,Merrick Judd
people.europe,Merrick Kent
people.europe,Merrick Locke
people.europe,Miles Black
people.europe,Miles Mercer
people.europe,Miles North
people.europe,Miles Orlov
people.europe,Millicent Wood
people.europe,Morwen Frost
people.europe,Morwen Pyke
people.europe,Morwen Quinn
people.europe,Morwen Reed
people.europe,Mungo Lowe
people.europe,Mungo Stone
people.europe,Neria Rivers
people.europe,Neria Thorne
people.europe,Neria Vance
people.europe,Neria Weaver
people.europe,Nigel Snow
people.europe,Nigel Wolf
people.europe,Nigel York
people.europe,Nigel Zane
people.europe,Ninian Adler
people.europe,Ninian Blackwood
people.europe,Ninian Crane
people.europe,Ninian Vane
people.europe,Norbert Drake
people.europe,Norbert Ebon
people.europe,Norbert Falk
people.europe,Norbert Ward
people.europe,Nyle Ashe
people.europe,Nyle Grey
people.europe,Oda Black
people.europe,Oda Hawke
people.europe,Oda Iron
people.europe,Oda Judd
people.europe,Odilo Frost
people.europe,Odilo Kent
people.europe,Odilo Locke
people.europe,Odilo Mercer
people.europe,Odo Smith
people.europe,Orik North
people.europe,Orik Orlov
people.europe,Orik Pyke
people.europe,Osbert Miller
people.europe,Osmund Quinn
people.europe,Osmund Reed
people.europe,Osmund Stone
people.europe,Oswald Thorne
people.europe,Paschal Vance
people.europe,Paschal Weaver
people.europe,Paschal Wolf
people.europe,Penda Adler
people.europe,Penda York
people.europe,Penda Zane
people.europe,Percival Blackwood
people.europe,Percival Crane
people.europe,Percival Drake
people.europe,Petronilla Mercer
people.europe,Pippin Ebon
people.europe,Pippin Falk
people.europe,Pippin Grey
people.europe,Placidus Hawke
people.europe,Quinlan Iron
people.europe,Quinlan Judd
people.europe,Quinlan Kent
people.europe,Quintus Locke
people.europe,Quintus Mercer
people.europe,Quintus North
people.europe,Quirina Orlov
people.europe,Quirina Pyke
people.europe,Quirina Quinn
people.europe,Quiteria Reed
people.europe,Quiteria Stone
people.europe,Quiteria Thorne
people.europe,Quorthon Vance
people.europe,Radbod Weaver
people.europe,Radbod Wolf
people.europe,Radbod York
people.europe,Radulf Adler
people.europe,Radulf Blackwood
people.europe,Radulf Zane
people.europe,Ragnar Crane
people.europe,Ragnar Drake
people.europe,Ragnar Ebon
people.europe,Ranulf Forester
people.europe,Reed Falk
people.europe,Reed Grey
people.europe,Reed Hawke
people.europe,Reginald Fowler
people.europe,Reynold Fuller
people.europe,Roese Hunter
people.europe,Roland Carter
people.europe,Rosamund Fletcher
people.europe,Rowena Taylor
people.europe,Rurik Iron
people.europe,Saewulf Judd
people.europe,Saewulf Kent
people.europe,Saewulf Locke
people.europe,Salimbene Mercer
people.europe,Salimbene North
people.europe,Salimbene Orlov
people.europe,Sibylla Pyke
people.europe,Sibylla Quinn
people.europe,Sibylla Reed
people.europe,Simon Cooper
people.europe,Sorcha Stone
people.europe,Sorcha Thorne
people.europe,Sorcha Vance
people.europe,Sven Weaver
people.europe,Tassilo Wolf
people.europe,Tassilo York
people.europe,Tassilo Zane
people.europe,Thane Adler
people.europe,Thane Blackwood
people.europe,Thane Crane
people.europe,Theobald Baker
people.europe,Theodoric Drake
people.europe,Theodoric Ebon
people.europe,Theodoric Falk
people.europe,Tostig Grey
people.europe,Tostig Hawke
people.europe,Tostig Iron
people.europe,Tristan Draper
people.europe,Turstin Judd
people.europe,Ubaldo Kent
people.europe,Ubaldo Locke
people.europe,Ubaldo Mercer
people.europe,Uhtred North
people.europe,Uhtred Orlov
people.europe,Uhtred Pyke
people.europe,Ulric Quinn
people.europe,Ulric Reed
people.europe,Ulric Stone
people.europe,Urban Thorne
people.europe,Urban Vance
people.europe,Urban Weaver
people.europe,Urraca Wolf
people.europe,Valdemar Adler
people.europe,Valdemar York
people.europe,Valdemar Zane
people.europe,Vanya Blackwood
people.europe,Vanya Crane
people.europe,Vanya Drake
people.europe,Venceslaus Ebon
people.europe,Venceslaus Falk
people.europe,Venceslaus Grey
people.europe,Vilhelm Hawke
people.europe,Vilhelm Iron
people.europe,Vilhelm Judd
people.europe,Vuk Kent
people.europe,Walafrid Locke
people.europe,Walafrid Mercer
people.europe,Walafrid North
people.europe,Waleran Orlov
people.europe,Waleran Pyke
people.europe,Waleran Quinn
people.europe,Walter Thatcher
people.europe,Werner Reed
people.europe,Werner Stone
people.europe,Werner Thorne
people.europe,Willem Vance
people.europe,Willem Weaver
people.europe,Willem Wolf
people.europe,Wulfstan York
people.europe,Xander Adler
people.europe,Xander Blackwood
people.europe,Xander Zane
people.europe,Xanthia Crane
people.europe,Xanthia Drake
people.europe,Xanthia Ebon
people.europe,Ximena Falk
people.europe,Ximena Grey
people.europe,Ximena Hawke
people.europe,Xystus Iron
people.europe,Xystus Judd
people.europe,Xystus Kent
people.europe,Xystus Locke
people.europe,Yngvar Mercer
people.europe,Yngvar North
people.europe,Yngvar Orlov
people.europe,Yolande Pyke
people.europe,Yolande Quinn
people.europe,Yolande Reed
people.europe,Yorick Stone
people.europe,Yorick Thorne
people.europe,Yorick Vance
people.europe,Yseult Mason
people.europe,Yvain Weaver
people.europe,Yvain Wolf
people.europe,Yvain York
people.europe,Yves Zane
people.europe,Zarek Adler
people.europe,Zarek Blackwood
people.europe,Zarek Crane
people.europe,Zbynek Drake
people.europe,Zbynek Ebon
people.europe,Zbynek Falk
people.europe,Ziemomysl Grey
people.europe,Ziemomysl Hawke
people.europe,Ziemomysl Iron
people.europe,Zoe Judd
people.europe,Zoe Kent
people.europe,Zoe Locke
people.europe,Zvonimir Mercer
people.asia,Abbas Ahmad
people.asia,Abbas Baig
people.asia,Abbas Hashimi
people.asia,Abbas Kojima
people.asia,Abbas Qadir
people.asia,Ahmad Farsi
people.asia,Ahmad Hashimi
people.asia,Ahmad Kojima
people.asia,Akira Endo
people.asia,Akira Fujii
people.asia,Akira Hashimi
people.asia,Akira Hoshi
people.asia,Akira Ishii
people.asia,Akira Kojima
people.asia,Ali Hashimi
people.asia,Ali Kojima
people.asia,Ali Shirazi
people.asia,Amina Ansari
people.asia,Amina Hashimi
people.asia,Amina Kojima
people.asia,Amir Darzi
people.asia,Amir Hakim
people.asia,Amir Hashimi
people.asia,Amir Kojima
people.asia,Amir Qadir
people.asia,Amir Rahman
people.asia,Amir Shirazi
people.asia,Arif Hashimi
people.asia,Arif Kojima
people.asia,Arif Zaman
people.asia,Asim Hakim
people.asia,Asim Hashimi
people.asia,Asim Kojima
people.asia,Asuka Hashimi
people.asia,Asuka Inoue
people.asia,Asuka Kato
people.asia,Asuka Kojima
people.asia,Asuka Mori
people.asia,Asuka Oda
people.asia,Ayesha Hashimi
people.asia,Ayesha Kojima
people.asia,Ayesha Qadir
people.asia,Ayur Arslan
people.asia,Ayur Demir
people.asia,Ayur Hashimi
people.asia,Ayur Kojima
people.asia,Azim Baig
people.asia,Azim Hashimi
people.asia,Azim Kojima
people.asia,Bao Chen
people.asia,Bao Feng
people.asia,Bao Gao
people.asia,Bao Hashimi
people.asia,Bao Jian
people.asia,Bao Kojima
people.asia,Batu Batyr
people.asia,Batu Chuluun
people.asia,Batu Hashimi
people.asia,Batu Kaya
people.asia,Batu Kojima
people.asia,Batu Naran
people.asia,Bilal Hashimi
people.asia,Bilal Kojima
people.asia,Bilal Rahman
people.asia,Bo Hashimi
people.asia,Bo Kapoor
people.asia,Bo Kojima
people.asia,Bo Lin
people.asia,Bo Tang
people.asia,Bo Wu
people.asia,Byamba Hashimi
people.asia,Byamba Kojima
people.asia,Byamba Malik
people.asia,Byamba Oyuun
people.asia,Byamba Sukh
people.asia,Byamba Timur
people.asia,Chang Chen
people.asia,Chang Gao
people.asia,Chang Hashimi
people.asia,Chang Jian
people.asia,Chang Kojima
people.asia,Chang Mirza
people.asia,Chen Hashimi
people.asia,Chen Kojima
people.asia,Chen Lin
people.asia,Chen Nair
people.asia,Chen Tang
people.asia,Chen Wu
people.asia,Chuluun Arslan
people.asia,Chuluun Batyr
people.asia,Chuluun Hashimi
people.asia,Chuluun Kojima
people.asia,Chuluun Naran
people.asia,Chuluun Park
people.asia,Cyrus Hakim
people.asia,Cyrus Hashimi
people.asia,Cyrus Kojima
people.asia,Cyrus Patil
people.asia,Cyrus Rahman
people.asia,Cyrus Shirazi
people.asia,Cyrus Zaman
people.asia,Daiki Endo
people.asia,Daiki Fujii
people.asia,Daiki Hashimi
people.asia,Daiki Ishii
people.asia,Daiki Kojima
people.asia,Daiki Qureshi
people.asia,Dara Ahmad
people.asia,Dara Baig
people.asia,Dara Hashimi
people.asia,Dara Kojima
people.asia,Dara Qadir
people.asia,Dara Saito
people.asia,Dawood Ahmad
people.asia,Dawood Baig
people.asia,Dawood Farsi
people.asia,Dawood Hashimi
people.asia,Dawood Kojima
people.asia,Dawood Malik
people.asia,Dawood Zaman
people.asia,Dawud Hakim
people.asia,Dawud Hashimi
people.asia,Dawud Kojima
people.asia,Dawud Rahman
people.asia,Dawud Sakai
people.asia,Dawud Shirazi
people.asia,Eiji Hashimi
people.asia,Eiji Kato
people.asia,Eiji Kojima
people.asia,Eiji Mori
people.asia,Eiji Oda
people.asia,Eiji Shah
people.asia,Emi Endo
people.asia,Emi Hashimi
people.asia,Emi Kojima
people.asia,Enlai Chen
people.asia,Enlai Gao
people.asia,Enlai Hashimi
people.asia,Enlai Jian
people.asia,Enlai Kojima
people.asia,Enlai Singh
people.asia,Erdene Arslan
people.asia,Erdene Batyr
people.asia,Erdene Chuluun
people.asia,Erdene Hashimi
people.asia,Erdene Kojima
people.asia,Erdene Suzuki
people.asia,Etsuko Endo
people.asia,Etsuko Fujii
people.asia,Etsuko Hashimi
people.asia,Etsuko Ishii
people.asia,Etsuko Kato
people.asia,Etsuko Kojima
people.asia,Etsuko Takahashi
people.asia,Faisal Hashimi
people.asia,Faisal Kojima
people.asia,Faisal Mirza
people.asia,Farah Ahmad
people.asia,Farah Ansari
people.asia,Farah Baig
people.asia,Farah Hashimi
people.asia,Farah Kojima
people.asia,Farah Qadir
people.asia,Farah Tanaka
people.asia,Farid Hakim
people.asia,Farid Hashimi
people.asia,Farid Kapoor
people.asia,Farid Kojima
people.asia,Farid Rahman
people.asia,Farid Shirazi
people.asia,Farid Tran
people.asia,Fatima Ahmad
people.asia,Fatima Farsi
people.asia,Fatima Hashimi
people.asia,Fatima Kojima
people.asia,Fatima Patil
people.asia,Fatima Watanabe
people.asia,Fatima Zaman
people.asia,Feng Hashimi
people.asia,Feng Kojima
people.asia,Feng Yilmaz
people.asia,Fu Hashimi
people.asia,Fu Kojima
people.asia,Fu Lin
people.asia,Fu Tang
people.asia,Fu Wu
people.asia,Fu Xu
people.asia,Fu Zhou
people.asia,Geng Chen
people.asia,Geng Hashimi
people.asia,Geng Kojima
people.asia,Goro Endo
people.asia,Goro Fujii
people.asia,Goro Hashimi
people.asia,Goro Hoshi
people.asia,Goro Ishii
people.asia,Goro Kojima
people.asia,Guang Ansari
people.asia,Guang Chen
people.asia,Guang Gao
people.asia,Guang Hashimi
people.asia,Guang Jian
people.asia,Guang Kojima
people.asia,Gulzar Ahmad
people.asia,Gulzar Baig
people.asia,Gulzar Darzi
people.asia,Gulzar Hashimi
people.asia,Gulzar Kojima
people.asia,Gulzar Qadir
people.asia,Gwang Hashimi
people.asia,Gwang Inoue
people.asia,Gwang Kojima
people.asia,Gwang Lin
people.asia,Gwang Tang
people.asia,Gwang Wu
people.asia,Gwang Xu
people.asia,Haider Hashimi
people.asia,Haider Kojima
people.asia,Haider Nair
people.asia,Hakim Demir
people.asia,Hakim Farsi
people.asia,Hakim Hashimi
people.asia,Hakim Kojima
people.asia,Hakim Shirazi
people.asia,Hakim Zaman
people.asia,Han Chen
people.asia,Han Feng
people.asia,Han Gao
people.asia,Han Hashimi
people.asia,Han Jian
people.asia,Han Kojima
people.asia,Hamza Hashimi
people.asia,Hamza Kojima
people.asia,Hamza Singh
people.asia,Haris Hashimi
people.asia,Haris Kojima
people.asia,Haris Shah
people.asia,Harun Ahmad
people.asia,Harun Baig
people.asia,Harun Hashimi
people.asia,Harun Kaya
people.asia,Harun Kojima
people.asia,Harun Qadir
people.asia,Hiro Hashimi
people.asia,Hiro Kapoor
people.asia,Hiro Kato
people.asia,Hiro Kojima
people.asia,Hiro Mori
people.asia,Hiro Oda
people.asia,Hiro Saito
people.asia,Hiroshi Hashimi
people.asia,Hiroshi Kato
people.asia,Hiroshi Kojima
people.asia,Husain Hashimi
people.asia,Husain Kojima
people.asia,Husain Tanaka
people.asia,Ibrahim Hashimi
people.asia,Ibrahim Kojima
people.asia,Ibrahim Qureshi
people.asia,Idris Hakim
people.asia,Idris Hashimi
people.asia,Idris Kojima
people.asia,Idris Malik
people.asia,Idris Rahman
people.asia,Idris Shirazi
people.asia,Imran Hashimi
people.asia,Imran Kojima
people.asia,Imran Yilmaz
people.asia,Iskandar Ahmad
people.asia,Iskandar Baig
people.asia,Iskandar Hashimi
people.asia,Iskandar Kojima
people.asia,Iskandar Mirza
people.asia,Iskandar Qadir
people.asia,Ismael Farsi
people.asia,Ismael Hakim
people.asia,Ismael Hashimi
people.asia,Ismael Kojima
people.asia,Ismael Nair
people.asia,Ismael Zaman
people.asia,Isuzu Endo
people.asia,Isuzu Fujii
people.asia,Isuzu Hashimi
people.asia,Isuzu Ishii
people.asia,Isuzu Kato
people.asia,Isuzu Kojima
people.asia,Isuzu Park
people.asia,Jian Hashimi
people.asia,Jian Kojima
people.asia,Jian Lin
people.asia,Jian Patil
people.asia,Jian Tang
people.asia,Jian Wu
people.asia,Jin Chen
people.asia,Jin Gao
people.asia,Jin Hashimi
people.asia,Jin Jian
people.asia,Jin Kojima
people.asia,Jin Qureshi
people.asia,Jin Wu
people.asia,Jiro Hashimi
people.asia,Jiro Kojima
people.asia,Jiro Mori
people.asia,Jiro Oda
people.asia,Jiro Saito
people.asia,Jun Hashimi
people.asia,Jun Kojima
people.asia,Jun Lin
people.asia,Jun Sakai
people.asia,Jun Tang
people.asia,Jun Wu
people.asia,Jun Xu
people.asia,Kaito Endo
people.asia,Kaito Fujii
people.asia,Kaito Hashimi
people.asia,Kaito Ishii
people.asia,Kaito Kojima
people.asia,Kaito Shah
people.asia,Karim Ahmad
people.asia,Karim Hashimi
people.asia,Karim Kojima
people.asia,Kenji Hashimi
people.asia,Kenji Kato
people.asia,Kenji Kojima
people.asia,Kenji Mori
people.asia,Kenji Oda
people.asia,Kenji Singh
people.asia,Kenjiro Hashimi
people.asia,Kenjiro Ishii
people.asia,Kenjiro Kojima
people.asia,Kenzo Fujii
people.asia,Kenzo Hashimi
people.asia,Kenzo Kojima
people.asia,Khas Arslan
people.asia,Khas Batyr
people.asia,Khas Chuluun
people.asia,Khas Hashimi
people.asia,Khas Kojima
people.asia,Khas Suzuki
people.asia,Khalid Baig
people.asia,Khalid Hashimi
people.asia,Khalid Kojima
people.asia,Kuro Endo
people.asia,Kuro Fujii
people.asia,Kuro Hashimi
people.asia,Kuro Kojima
people.asia,Kuro Saito
people.asia,Kuro Takahashi
people.asia,Kuro Ueda
people.asia,Laila Ahmad
people.asia,Laila Baig
people.asia,Laila Hashimi
people.asia,Laila Kojima
people.asia,Laila Qadir
people.asia,Laila Tanaka
people.asia,Layla Hashimi
people.asia,Layla Kojima
people.asia,Layla Qadir
people.asia,Li Chen
people.asia,Li Gao
people.asia,Li Hashimi
people.asia,Li Jian
people.asia,Li Kojima
people.asia,Li Tran
people.asia,Liang Chen
people.asia,Liang Hashimi
people.asia,Liang Kojima
people.asia,Liang Lin
people.asia,Liang Tang
people.asia,Liang Watanabe
people.asia,Liang Wu
people.asia,Liu Chen
people.asia,Liu Hashimi
people.asia,Liu Kojima
people.asia,Liu Xu
people.asia,Liu Yang
people.asia,Liu Yilmaz
people.asia,Liu Zhao
people.asia,Mahmud Farsi
people.asia,Mahmud Hakim
people.asia,Mahmud Hashimi
people.asia,Mahmud Kojima
people.asia,Mahmud Rahman
people.asia,Mahmud Shirazi
people.asia,Mahmud Zhou
people.asia,Majid Hashimi
people.asia,Majid Kojima
people.asia,Majid Zaman
people.asia,Maryam Hakim
people.asia,Mei Chen
people.asia,Mei Gao
people.asia,Mei Hoshi
people.asia,Mei Jian
people.asia,Mei Lin
people.asia,Min Ansari
people.asia,Min Lin
people.asia,Min Tang
people.asia,Min Wu
people.asia,Minato Ishii
people.asia,Mori Darzi
people.asia,Mori Endo
people.asia,Mori Fujii
people.asia,Mori Ishii
people.asia,Mori Kato
people.asia,Muhammad Rahman
people.asia,Mustafa Shirazi
people.asia,Nabil Darzi
people.asia,Nadia Malik
people.asia,Naeem Baig
people.asia,Naran Arslan
people.asia,Naran Batyr
people.asia,Naran Chuluun
people.asia,Naran Inoue
people.asia,Nasir Ahmad
people.asia,Nasir Baig
people.asia,Nasir Demir
people.asia,Nasir Farsi
people.asia,Nasir Qadir
people.asia,Natsuki Feng
people.asia,Natsuki Kato
people.asia,Natsuki Mori
people.asia,Natsuki Oda
people.asia,Nori Endo
people.asia,Nori Fujii
people.asia,Nori Kaya
people.asia,Nori Saito
people.asia,Nori Ueda
people.asia,Omar Hakim
people.asia,Omar Kapoor
people.asia,Omar Qadir
people.asia,Omar Rahman
people.asia,Omar Shirazi
people.asia,Osman Ahmad
people.asia,Osman Baig
people.asia,Osman Malik
people.asia,Osman Mirza
people.asia,Osman Qadir
people.asia,Oyuun Arslan
people.asia,Oyuun Batyr
people.asia,Oyuun Chuluun
people.asia,Oyuun Mirza
people.asia,Ozgur Farsi
people.asia,Ozgur Hakim
people.asia,Ozgur Nair
people.asia,Ozgur Rahman
people.asia,Ozgur Zaman
people.asia,Parsa Hakim
people.asia,Parsa Park
people.asia,Parsa Rahman
people.asia,Parsa Shirazi
people.asia,Payam Ahmad
people.asia,Payam Baig
people.asia,Payam Patil
people.asia,Payam Qadir
people.asia,Ping Chen
people.asia,Ping Gao
people.asia,Ping Jian
people.asia,Ping Qureshi
people.asia,Pu Lin
people.asia,Pu Saito
people.asia,Pu Tang
people.asia,Pu Wu
people.asia,Pu Xu
people.asia,Qadir Hakim
people.asia,Qadir Rahman
people.asia,Qadir Sakai
people.asia,Qadir Shirazi
people.asia,Qasim Ahmad
people.asia,Qasim Baig
people.asia,Qasim Kapoor
people.asia,Qasim Qadir
people.asia,Qasim Shah
people.asia,Qiang Chen
people.asia,Qiang Gao
people.asia,Qiang Jian
people.asia,Qiang Singh
people.asia,Qing Lin
people.asia,Qing Suzuki
people.asia,Qing Tang
people.asia,Qing Wu
people.asia,Qing Xu
people.asia,Rashid Patil
people.asia,Reza Farsi
people.asia,Reza Hakim
people.asia,Reza Takahashi
people.asia,Reza Zaman
people.asia,Riaz Nair
people.asia,Rizwan Singh
people.asia,Roshan Tanaka
people.asia,Rumi Ahmad
people.asia,Rumi Baig
people.asia,Rumi Qadir
people.asia,Rumi Tran
people.asia,Ryu Endo
people.asia,Ryu Fujii
people.asia,Ryu Ishii
people.asia,Ryu Watanabe
people.asia,Ryota Kato
people.asia,Ryota Mori
people.asia,Ryota Oda
people.asia,Ryota Saito
people.asia,Ryota Yilmaz
people.asia,Saad Shah
people.asia,Saeed Kato
people.asia,Sakura Mori
people.asia,Salman Tanaka
people.asia,Sami Qureshi
people.asia,Sana Yilmaz
people.asia,Shinji Wu
people.asia,Shoaib Ahmad
people.asia,Sora Endo
people.asia,Sora Fujii
people.asia,Sora Ishii
people.asia,Sora Zhou
people.asia,Su Jin
people.asia,Sukh Arslan
people.asia,Sukh Batyr
people.asia,Sukh Chuluun
people.asia,Sun Chen
people.asia,Sun Gao
people.asia,Sun Jian
people.asia,Syed Ahmad
people.asia,Syed Baig
people.asia,Syed Hakim
people.asia,Syed Qadir
people.asia,Tahir Baig
people.asia,Tariq Farsi
people.asia,Tariq Qadir
people.asia,Tariq Shirazi
people.asia,Tariq Zaman
people.asia,Timur Arslan
people.asia,Timur Batyr
people.asia,Timur Chuluun
people.asia,Tomo Kato
people.asia,Tomo Mori
people.asia,Tomo Oda
people.asia,Tuan Lin
people.asia,Tuan Tang
people.asia,Tuan Wu
people.asia,Tuan Xu
people.asia,Ulan Arslan
people.asia,Ulan Batyr
people.asia,Ulan Chuluun
people.asia,Umar Ahmad
people.asia,Umar Baig
people.asia,Umar Farsi
people.asia,Umar Qadir
people.asia,Usman Hakim
people.asia,Usman Rahman
people.asia,Usman Shirazi
people.asia,Usman Zaman
people.asia,Uyanga Naran
people.asia,Uyanga Oyuun
people.asia,Uyanga Sukh
people.asia,Uyanga Timur
people.asia,Vahid Farsi
people.asia,Vahid Hakim
people.asia,Vahid Zaman
people.asia,Vanya Chen
people.asia,Vanya Gao
people.asia,Vanya Jian
people.asia,Varma Das
people.asia,Varma Yang
people.asia,Varma Zhao
people.asia,Vasu Das
people.asia,Vasu Tang
people.asia,Vasu Wu
people.asia,Vasu Xu
people.asia,Wajid Hakim
people.asia,Waleed Rahman
people.asia,Wei Chen
people.asia,Wei Gao
people.asia,Wei Jian
people.asia,Wei Tanaka
people.asia,Wen Lin
people.asia,Wen Tang
people.asia,Wen Wu
people.asia,Weng Xu
people.asia,Weng Yang
people.asia,Weng Zhao
people.asia,Wu Chen
people.asia,Wu Gao
people.asia,Wu Jian
people.asia,Xian Lin
people.asia,Xian Tang
people.asia,Xian Wu
people.asia,Xiao Chen
people.asia,Xiao Gao
people.asia,Xiao Jian
people.asia,Xin Lin
people.asia,Xin Tang
people.asia,Xin Wu
people.asia,Xiu Chen
people.asia,Xiu Xu
people.asia,Xiu Yang
people.asia,Xiu Zhao
people.asia,Yasin Ahmad
people.asia,Yasin Baig
people.asia,Yasin Qadir
people.asia,Yasir Hakim
people.asia,Yasir Rahman
people.asia,Yasir Shirazi
people.asia,Yasmin Shirazi
people.asia,Ying Chen
people.asia,Ying Gao
people.asia,Ying Jian
people.asia,Yori Kato
people.asia,Yori Mori
people.asia,Yori Oda
people.asia,Yori Saito
people.asia,Yusuf Darzi
people.asia,Zahid Malik
people.asia,Zain Baig
people.asia,Zaki Ahmad
people.asia,Zaman Farsi
people.asia,Zaman Hakim
people.asia,Zaman Rahman
people.asia,Zang Chen
people.asia,Zang Gao
people.asia,Zang Jian
people.asia,Zara Qadir
people.asia,Zayd Mirza
people.asia,Zhao Lin
people.asia,Zhao Tang
people.asia,Zhao Wu
people.asia,Ziya Kapoor
people.asia,Zoya Ahmad
people.asia,Zoya Baig
people.asia,Zoya Qadir
people.asia,Zoya Shirazi
people.asia,Zubaida Patil
people.america,Acatl Aca
people.america,Acatl Acal
people.america,Acatl Batz
people.america,Acatl Cachi
people.america,Acatl Chuen
people.america,Acatl Puma
people.america,Amaru Balam
people.america,Amaru Chuen
people.america,Amaru Coyllur
people.america,Amaru Illa
people.america,Amaru Kaan
people.america,Amaru Puma
people.america,Anacaona Cachi
people.america,Anacaona Chuen
people.america,Anacaona Puma
people.america,Apocatequil Chuen
people.america,Apocatequil Illa
people.america,Apocatequil Puma
people.america,Atahualpa Chuen
people.america,Atahualpa Kaan
people.america,Atahualpa Puma
people.america,Atl Caan
people.america,Atl Chuen
people.america,Atl Mo
people.america,Atl Pacal
people.america,Atl Puma
people.america,Atl Qhuya
people.america,Atoc Chan
people.america,Atoc Chuen
people.america,Atoc Puma
people.america,Atoc Roca
people.america,Atoc Sisa
people.america,Atoc Tikal
people.america,Atoc Uman
people.america,Awilix Chuen
people.america,Awilix Mo
people.america,Awilix Puma
people.america,Balam Chimal
people.america,Balam Chuen
people.america,Balam Puma
people.america,Balam Vaca
people.america,Balam Xoc
people.america,Balam Yax
people.america,Batz Aca
people.america,Batz Batz
people.america,Batz Chuen
people.america,Batz Coatl
people.america,Batz Puma
people.america,Batz Zaca
people.america,Bohil Cachi
people.america,Bohil Chuen
people.america,Bohil Coyllur
people.america,Bohil Illa
people.america,Bohil Puma
people.america,Bosh Chuen
people.america,Bosh Cuix
people.america,Bosh Kaan
people.america,Bosh Mo
people.america,Bosh Pacal
people.america,Bosh Puma
people.america,Bosh Qhuya
people.america,Cachi Chuen
people.america,Cachi Ek
people.america,Cachi Puma
people.america,Cachi Roca
people.america,Cachi Sisa
people.america,Cachi Tikal
people.america,Camaxtli Chuen
people.america,Camaxtli Pacal
people.america,Camaxtli Puma
people.america,Capacocha Chuen
people.america,Capacocha Puma
people.america,Capacocha Qhuya
people.america,Cauac Chuen
people.america,Cauac Puma
people.america,Cauac Roca
people.america,Chaac Chuen
people.america,Chaac Puma
people.america,Chaac Sisa
people.america,Chalchiuhtlicue Chuen
people.america,Chalchiuhtlicue Puma
people.america,Chalchiuhtlicue Tikal
people.america,Chasca Chuen
people.america,Chasca Puma
people.america,Chasca Uman
people.america,Chimalpopoca Chuen
people.america,Chimalpopoca Puma
people.america,Chimalpopoca Vaca
people.america,Cipactli Chuen
people.america,Cipactli Puma
people.america,Cipactli Xoc
people.america,Citlalli Chuen
people.america,Citlalli Ikal
people.america,Citlalli Puma
people.america,Citlalmina Chuen
people.america,Citlalmina Puma
people.america,Citlalmina Yax
people.america,Coatlicue Chuen
people.america,Coatlicue Puma
people.america,Coatlicue Zaca
people.america,Cocijo Aca
people.america,Cocijo Chuen
people.america,Cocijo Puma
people.america,Coyllur Chuen
people.america,Coyllur Itza
people.america,Coyllur Puma
people.america,Coyllur Uman
people.america,Coyllur Vaca
people.america,Coyllur Xoc
people.america,Coyolxauhqui Batz
people.america,Coyolxauhqui Chuen
people.america,Coyolxauhqui Puma
people.america,Cualli Aca
people.america,Cualli Chuen
people.america,Cualli Ix
people.america,Cualli Puma
people.america,Cualli Yax
people.america,Cualli Zaca
people.america,Cusi Batz
people.america,Cusi Cachi
people.america,Cusi Chuen
people.america,Cusi Coyllur
people.america,Cusi Huaman
people.america,Cusi Illa
people.america,Cusi Kan
people.america,Cusi Puma
people.america,Dzul Chuen
people.america,Dzul Kaan
people.america,Dzul Kin
people.america,Dzul Mo
people.america,Dzul Pacal
people.america,Dzul Puma
people.america,Dzulu Aca
people.america,Dzulu Chuen
people.america,Dzulu Macaw
people.america,Dzulu Puma
people.america,Dzulu Qhuya
people.america,Dzulu Roca
people.america,Dzulu Sisa
people.america,Dzulu Tikal
people.america,Dzulu Uman
people.america,Dzulu Vaca
people.america,Dzulu Xoc
people.america,Dzulu Yax
people.america,Dzulu Zaca
people.america,Ehecatl Batz
people.america,Ehecatl Cachi
people.america,Ehecatl Chuen
people.america,Ehecatl Coyllur
people.america,Ehecatl May
people.america,Ehecatl Puma
people.america,Ekchuah Cachi
people.america,Ekchuah Chuen
people.america,Ekchuah Puma
people.america,Eztli Chuen
people.america,Eztli Illa
people.america,Eztli Kaan
people.america,Eztli Mo
people.america,Eztli Mutal
people.america,Eztli Pacal
people.america,Eztli Puma
people.america,Eztli Qhuya
people.america,Eztli Roca
people.america,Eztli Sisa
people.america,Eztli Tikal
people.america,Eztli Uman
people.america,Eztli Vaca
people.america,Faca Chuen
people.america,Faca Nah
people.america,Faca Puma
people.america,Faca Xoc
people.america,Faca Yax
people.america,Faca Zaca
people.america,Fani Aca
people.america,Fani Batz
people.america,Fani Cachi
people.america,Fani Chuen
people.america,Fani Coyllur
people.america,Fani Illa
people.america,Fani Kaan
people.america,Fani Mo
people.america,Fani Ocllo
people.america,Fani Pacal
people.america,Fani Puma
people.america,Fani Qhuya
people.america,Fani Roca
people.america,Gual Aca
people.america,Gual Batz
people.america,Gual Cachi
people.america,Gual Chuen
people.america,Gual Coyllur
people.america,Gual Illa
people.america,Gual Kaan
people.america,Gual Puc
people.america,Gual Puma
people.america,Gual Vaca
people.america,Gual Xoc
people.america,Gual Yax
people.america,Gual Zaca
people.america,Gucumatz Chuen
people.america,Gucumatz Pech
people.america,Gucumatz Puma
people.america,Gucumatz Sisa
people.america,Gucumatz Tikal
people.america,Gucumatz Uman
people.america,Huaman Chuen
people.america,Huaman Mo
people.america,Huaman Pacal
people.america,Huaman Puma
people.america,Huaman Qhuya
people.america,Huaman Quilla
people.america,Huascar Chuen
people.america,Huascar Puma
people.america,Huascar Roca
people.america,Huascar Sisa
people.america,Huascar Tikal
people.america,Huascar Tzul
people.america,Huitz Aca
people.america,Huitz Batz
people.america,Huitz Chuen
people.america,Huitz Puma
people.america,Huitz Uc
people.america,Huitz Uman
people.america,Huitz Vaca
people.america,Huitz Xoc
people.america,Huitz Yax
people.america,Huitz Zaca
people.america,Huitzilopochtli Chuen
people.america,Huitzilopochtli Coyllur
people.america,Huitzilopochtli Puma
people.america,Hunahpu Chuen
people.america,Hunahpu Illa
people.america,Hunahpu Puma
people.america,Illa Cachi
people.america,Illa Chuen
people.america,Illa Coyllur
people.america,Illa Illa
people.america,Illa Puma
people.america,Illa Votan
people.america,Illapa Chuen
people.america,Illapa Kaan
people.america,Illapa Puma
people.america,Inti Chuen
people.america,Inti Kaan
people.america,Inti Mo
people.america,Inti Pacal
people.america,Inti Puma
people.america,Inti Xam
people.america,Itzamna Chuen
people.america,Itzamna Mo
people.america,Itzamna Puma
people.america,Ixchel Chuen
people.america,Ixchel Puma
people.america,Ixchel Qhuya
people.america,Ixchel Roca
people.america,Ixchel Sisa
people.america,Ixchel Tikal
people.america,Ixchel Uman
people.america,Ixchel Vaca
people.america,Ixchel Xib
people.america,Ixchel Xoc
people.america,Ixtab Chuen
people.america,Ixtab Pacal
people.america,Ixtab Puma
people.america,Izel Chuen
people.america,Izel Puma
people.america,Izel Qhuya
people.america,Jaguar Aca
people.america,Jaguar Chuen
people.america,Jaguar Puma
people.america,Jaguar Yax
people.america,Jaguar Zaca
people.america,Janaab Batz
people.america,Janaab Cachi
people.america,Janaab Chuen
people.america,Janaab Coyllur
people.america,Janaab Puma
people.america,Janaab Zotz
people.america,Jil Acal
people.america,Jil Chuen
people.america,Jil Illa
people.america,Jil Kaan
people.america,Jil Mo
people.america,Jil Pacal
people.america,Jil Puma
people.america,Jil Qhuya
people.america,Jil Roca
people.america,Jil Sisa
people.america,Kaan Balam
people.america,Kaan Chuen
people.america,Kaan Puma
people.america,Kaan Tikal
people.america,Kaan Uman
people.america,Kaan Vaca
people.america,Kinich Chuen
people.america,Kinich Puma
people.america,Kinich Roca
people.america,Kukulcan Chuen
people.america,Kukulcan Puma
people.america,Kukulcan Sisa
people.america,Kusi Caan
people.america,Kusi Chuen
people.america,Kusi Puma
people.america,Kusi Xoc
people.america,Kusi Yax
people.america,Kusi Zaca
people.america,Kuxtal Aca
people.america,Kuxtal Batz
people.america,Kuxtal Cachi
people.america,Kuxtal Chan
people.america,Kuxtal Chuen
people.america,Kuxtal Coyllur
people.america,Kuxtal Illa
people.america,Kuxtal Kaan
people.america,Kuxtal Mo
people.america,Kuxtal Puma
people.america,Lloque Chimal
people.america,Lloque Chuen
people.america,Lloque Pacal
people.america,Lloque Puma
people.america,Lloque Qhuya
people.america,Lloque Roca
people.america,Luba Aca
people.america,Luba Batz
people.america,Luba Cachi
people.america,Luba Chuen
people.america,Luba Coatl
people.america,Luba Puma
people.america,Luba Sisa
people.america,Luba Tikal
people.america,Luba Uman
people.america,Luba Vaca
people.america,Luba Xoc
people.america,Luba Yax
people.america,Luba Zaca
people.america,Manco Chuen
people.america,Manco Puma
people.america,Manco Tikal
people.america,Mayta Chuen
people.america,Mayta Coyllur
people.america,Mayta Illa
people.america,Mayta Kaan
people.america,Mayta Puma
people.america,Metzli Chuen
people.america,Metzli Puma
people.america,Metzli Uman
people.america,Meztli Chuen
people.america,Meztli Cuix
people.america,Meztli Mo
people.america,Meztli Pacal
people.america,Meztli Puma
people.america,Meztli Qhuya
people.america,Mictecacihuatl Chuen
people.america,Mictecacihuatl Puma
people.america,Mictecacihuatl Vaca
people.america,Mixcoatl Chuen
people.america,Mixcoatl Puma
people.america,Mixcoatl Xoc
people.america,Mo Chuen
people.america,Mo Ek
people.america,Mo Puma
people.america,Mo Roca
people.america,Mo Sisa
people.america,Mo Tikal
people.america,Mo Uman
people.america,Mo Vaca
people.america,Mo Xoc
people.america,Mo Yax
people.america,Montezuma Chuen
people.america,Montezuma Puma
people.america,Montezuma Yax
people.america,Naab Chuen
people.america,Naab Puma
people.america,Naab Zaca
people.america,Nacu Aca
people.america,Nacu Chuen
people.america,Nacu Puma
people.america,Nanahuatzin Batz
people.america,Nanahuatzin Chuen
people.america,Nanahuatzin Puma
people.america,Nayeli Chuen
people.america,Nayeli Ikal
people.america,Nayeli Puma
people.america,Nelli Aca
people.america,Nelli Batz
people.america,Nelli Chuen
people.america,Nelli Itza
people.america,Nelli Puma
people.america,Nelli Zaca
people.america,Nima Cachi
people.america,Nima Chuen
people.america,Nima Coyllur
people.america,Nima Illa
people.america,Nima Ix
people.america,Nima Puma
people.america,Noj Kaan
people.america,Noj Kan
people.america,Noj Mo
people.america,Noj Pacal
people.america,Noj Qhuya
people.america,Noj Roca
people.america,Noj Sisa
people.america,Noj Tikal
people.america,Olin Kin
people.america,Olin Uman
people.america,Olin Vaca
people.america,Olin Xoc
people.america,Omacatl Aca
people.america,Omacatl Macaw
people.america,Omacatl Yax
people.america,Omacatl Zaca
people.america,Ometecuhtli Cachi
people.america,Oton Batz
people.america,Oton Cachi
people.america,Oton Coyllur
people.america,Oton Illa
people.america,Oton Kaan
people.america,Oton May
people.america,Oton Mo
people.america,Oton Pacal
people.america,Pacal Mutal
people.america,Pacal Qhuya
people.america,Pacal Roca
people.america,Pacal Sisa
people.america,Pachacuti Coyllur
people.america,Piltzintecuhtli Illa
people.america,Poma Nah
people.america,Poma Tikal
people.america,Poma Uman
people.america,Poma Vaca
people.america,Pucara Aca
people.america,Pucara Batz
people.america,Pucara Cachi
people.america,Pucara Coyllur
people.america,Pucara Ocllo
people.america,Pucara Xoc
people.america,Pucara Yax
people.america,Pucara Zaca
people.america,Qhuya Illa
people.america,Qhuya Kaan
people.america,Qhuya Mo
people.america,Qhuya Pech
people.america,Quetzal Pacal
people.america,Quetzal Puc
people.america,Quetzal Qhuya
people.america,Quetzal Roca
people.america,Quetzalcoatl Kaan
people.america,Quispe Quilla
people.america,Quispe Sisa
people.america,Quispe Tikal
people.america,Quispe Uman
people.america,Quispe Vaca
people.america,Quispe Xoc
people.america,Quispe Yax
people.america,Quispe Zaca
people.america,Rayen Mo
people.america,Roca Coyllur
people.america,Roca Illa
people.america,Roca Kaan
people.america,Roca Tzul
people.america,Rumi Aca
people.america,Rumi Batz
people.america,Rumi Cachi
people.america,Rumi Uc
people.america,Runtu Mo
people.america,Runtu Pacal
people.america,Runtu Qhuya
people.america,Runtu Roca
people.america,Runtu Sisa
people.america,Runtu Tikal
people.america,Runtu Uman
people.america,Runtu Votan
people.america,Sapa Pacal
people.america,Sayri Cachi
people.america,Sayri Coyllur
people.america,Sayri Illa
people.america,Sayri Kaan
people.america,Sayri Mo
people.america,Sayri Pacal
people.america,Sayri Qhuya
people.america,Sayri Yax
people.america,Sisa Vaca
people.america,Sisa Xam
people.america,Sisa Xoc
people.america,Sisa Yax
people.america,Siyaj Aca
people.america,Siyaj Batz
people.america,Siyaj Xib
people.america,Siyaj Zaca
people.america,Suyucu Qhuya
people.america,Taci Roca
people.america,Tayanna Sisa
people.america,Tecum Tikal
people.america,Teocalli Uman
people.america,Teotl Vaca
people.america,Tepoztecatl Xoc
people.america,Tezcatlipoca Yax
people.america,Tikal Roca
people.america,Tikal Sisa
people.america,Tikal Tikal
people.america,Tikal Zotz
people.america,Tlaloc Acal
people.america,Tlaloc Uman
people.america,Tlaloc Vaca
people.america,Tlaloc Xoc
people.america,Tlaltecuhtli Zaca
people.america,Tlazolteotl Aca
people.america,Tohil Batz
people.america,Tonatiuh Cachi
people.america,Tunupa Coyllur
people.america,Tupac Aca
people.america,Tupac Balam
people.america,Tupac Batz
people.america,Tupac Cachi
people.america,Tupac Coyllur
people.america,Tupac Illa
people.america,Tupac Yax
people.america,Tupac Zaca
people.america,Tzitzimitl Illa
people.america,Uchu Caan
people.america,Uchu Kaan
people.america,Uchu Mo
people.america,Uchu Pacal
people.america,Uman Chan
people.america,Uman Qhuya
people.america,Uman Roca
people.america,Uman Sisa
people.america,Urcaguary Kaan
people.america,Urco Aca
people.america,Urco Chimal
people.america,Urco Tikal
people.america,Urco Uman
people.america,Urco Vaca
people.america,Urco Xoc
people.america,Urco Yax
people.america,Urco Zaca
people.america,Vaca Batz
people.america,Vaca Cachi
people.america,Vaca Coatl
people.america,Vaca Coyllur
people.america,Vira Cuix
people.america,Vira Pacal
people.america,Vira Qhuya
people.america,Vira Roca
people.america,Vira Sisa
people.america,Vira Tikal
people.america,Vira Uman
people.america,Vira Vaca
people.america,Viracocha Mo
people.america,Vucub Coyllur
people.america,Vucub Illa
people.america,Vucub Kaan
people.america,Vucub Mo
people.america,Waskar Ek
people.america,Waskar Xoc
people.america,Waskar Yax
people.america,Waskar Zaca
people.america,Willaq Aca
people.america,Willaq Batz
people.america,Willaq Cachi
people.america,Willaq Coyllur
people.america,Willaq Ikal
people.america,Willaq Illa
people.america,Willaq Kaan
people.america,Willaq Mo
people.america,Willaq Pacal
people.america,Willaq Qhuya
people.america,Willaq Roca
people.america,Xbalanque Pacal
people.america,Xiloe Itza
people.america,Xiloe Sisa
people.america,Xiloe Tikal
people.america,Xiloe Uman
people.america,Xilonen Qhuya
people.america,Xipe Roca
people.america,Xiuhcoatl Sisa
people.america,Xiuhtecuhtli Tikal
people.america,Xoc Ix
people.america,Xoc Vaca
people.america,Xoc Xoc
people.america,Xoc Yax
people.america,Xochipilli Uman
people.america,Xochiquetzal Vaca
people.america,Xolotl Aca
people.america,Xolotl Batz
people.america,Xolotl Cachi
people.america,Xolotl Coyllur
people.america,Xolotl Illa
people.america,Xolotl Kaan
people.america,Xolotl Kan
people.america,Yacatecuhtli Xoc
people.america,Yali Kin
people.america,Yali Mo
people.america,Yali Pacal
people.america,Yali Qhuya
people.america,Yana Yax
people.america,Yaotl Zaca
people.america,Yatzil Aca
people.america,Yax Macaw
people.america,Yax Roca
people.america,Yax Sisa
people.america,Yax Tikal
people.america,Yolotli Batz
people.america,Yum Cachi
people.america,Yupanqui Aca
people.america,Yupanqui Batz
people.america,Yupanqui May
people.america,Yupanqui Uman
people.america,Yupanqui Vaca
people.america,Yupanqui Xoc
people.america,Yupanqui Yax
people.america,Yupanqui Zaca
people.america,Zaca Cachi
people.america,Zaca Coyllur
people.america,Zaca Illa
people.america,Zaca Mutal
people.america,Zolin Coyllur
people.america,Zolin Kaan
people.america,Zolin Mo
people.america,Zolin Nah
people.america,Zolin Pacal
people.america,Zotz Ocllo
people.america,Zotz Qhuya
people.america,Zotz Roca
people.america,Zotz Sisa
people.america,Zotz Tikal
people.america,Zotz Uman
people.america,Zotz Vaca
people.america,Zotz Xoc
